index	label	text
0	0	TPLTLIVAIIL
1	0	VFHIIPWAGIG
2	0	GEVGSPEVPAV
3	0	DSELEIKRYKNR
4	0	RPLCGSDNKTYGNK
5	0	FEIKCTKPEACSGEP
6	0	EYFKVAFKPTSPVPN
7	0	FLSNSAVSRVIADGD
8	0	FNMVGFRNAVAGTAV
9	0	FKDKSAGTKMFLDAL
10	0	DVVPEKYTIGATYAP
11	0	EATTDGLGWYKIEID
12	0	DMQDIVVPAFYEIYP
13	0	EEETEQNPEIIPANL
14	0	ERAETGESKIVELEE
15	0	EFKEAFQLMDADKDG
16	0	EIDTDGDGFIDFNEF
17	0	IHIGDSSKVTITDTT
18	0	IADGDNLKNFTFYSG
19	0	IAYEPVWAIGTGKTA
20	0	IVEGNSMHPDFYGHI
21	0	IPADKVFLRKQWDVL
22	0	ITDPFHKHGVAPSAL
23	0	GKLGVAYTYNRANAG
24	0	GLEYVKQLLENGAQH
25	0	GHPYFSIKRANKTVV
26	0	HDYEGLSYRSLQPET
27	0	HGCFDQLSPLVGLTF
28	0	GPGDFHSTCTVSNYQ
29	0	GHGAGGASILTYKTS
30	0	PWRYIRSFPILASSG
31	0	LAAAAAWDALAAELY
32	0	TLTEAAQLAPPIYPP
33	0	VGAALGIELTPWLGF
34	0	RVTEFKYSRDIGDAF
35	0	DVNYGYNAATGEYGD
36	0	AGVQVHDADTIVLRR
37	0	CNTNWLPPCPIIHNL
38	0	KSDNQIKAVPASQAL
39	0	GGLVRTVHLPAPNVA
40	0	GLYYVHEGIRTYFVQ
41	0	CTNAKVTAKGVSEAN
42	0	ATESYTIDVNFYCVP
43	0	AVKENNSIKIQLYTH
44	0	DLQGEPRVGEDRHIL
45	0	DAVDFGYVFCDKMIS
46	0	DELPPEQIQLLKKAF
47	0	AEEVKVIPAGELQVI
48	0	AADYLANDAEVKAAV
49	0	AAGAVVGGLGGYMLG
50	0	ANDAEVQAAVAYLQS
51	0	ASILGLQNMAGCPVY
52	0	ALSRVHSMFLGTGGS
53	0	SLEVSEEKANLREEE
54	0	SLYNLNYIGSEDSIY
55	0	SDDKCMTQQPRHTYY
56	0	SWQSEMLRMNPRTSF
57	0	TCVVDSSYINTFDNF
58	0	SQQDIVLADELSQEV
59	0	RYANPIAFFRKEPLK
60	0	QVAFSYFPPPAAKED
61	0	QEVIDLGGEAIHSTE
62	0	QFYYDKSEQYCGYPE
63	0	RNCELVGLHDLNQGS
64	0	RFPIDFRKFSNNFEF
65	0	RKAQRKGSNVFSMFS
66	0	VVQQNLKLSSGKKQK
67	0	WGNHCGLFGKGSIVA
68	0	VPPELVVVFDVRLAV
69	0	YRHIADLAGVPDVIL
70	0	YEIYPFLFVENDVIQ
71	0	YIEILSSADDGVLAI
72	0	TRGTSEEGTLGNAGV
73	0	TFYKTACWARDRVNE
74	0	TKDIFYNNLTVYYDH
75	0	VFLGSAHGIPKVPPG
76	0	VHEKEKYKYICDDLD
77	0	VAVELLKSNKITGPH
78	0	LLLKVNQIGTVTESI
79	0	LNDYILPAPYEIYPW
80	0	LERVVEHNPRKVIDL
81	0	LNTYYSYYYFNYPTF
82	0	MAVHQYTVALFLAVA
83	0	LQGPFNFRFLTEKGM
84	0	LRLSEHLDYVKNLTV
85	0	KHFNLKYEDLHSTCH
86	0	KESGDAASGADGTYD
87	0	KGKTVLENFVEENLI
88	0	KYMVIQGEPGAVIRG
89	0	LDEKDKALQNAESEV
90	0	KSYLYGYKSKKINYD
91	0	NVAMLITPNPTIENN
92	0	NVWEVKSSKPLVGPF
93	0	NFLQTNGLNAIEFLN
94	0	NEDIFLKGIDIFCQI
95	0	PVSASITQFGPVGEL
96	0	PGPMGPIGSRGPEGP
97	0	PHIPVTARKHHRRGV
98	0	MNKFTQTISKPATIL
99	0	NAFEYFHLKQHKPET
100	0	FSPSLEHPIVVSGSWD
101	0	NALYNYSIPRPNVTSNL
102	0	GAPGERGPAGLAGPKGA
103	0	ENPVVHFFKNIVTPRTP
104	0	SGPAGARGMPGPQGPRGD
105	0	GEPGEDGPAGPDGPPGPQG
106	0	NRVVVSGRHYKQKTDARRKS
107	0	FLFCNINNVCNFASRNDYSY
108	0	AIPPCPQDWVSLWKGFSFIM
109	0	QTGKPGIAGFKGEQGPKGEP
110	0	LGSVVPYTEDWPSSVSNWIE
111	0	TVWAISALVSFLPILMHWWR
112	0	RLTDDGVLMLEAPVKVGENK
113	0	GSTSDYLKDAYEVGDDGKVH
114	0	VCEGPAMAIAVHSQTTAIPP
115	0	WARMILMTHFFSVLIARDQLEQ
116	0	AIIEVDRSAAK
117	0	SCPECPEPTQP
118	0	VYQVNNLEEIC
119	0	DDSPDLPKLKPD
120	0	IISIMIAILNKLCE
121	0	EVPARPAYMMPQDFD
122	0	EVVKANGGYLAAGKL
123	0	FLFKEGDRFLQHANA
124	0	FNTYFRYMYPTWFNY
125	0	FKVAATAAATAPADD
126	0	DVLQWQTIPYTTIHN
127	0	EAAVKQAYAATVAAA
128	0	DRRGEMFYYTRQQLY
129	0	ENKDYFAVSDGVDVI
130	0	EQLTSDELDMMIEEI
131	0	EEWEPLTKKGNVWEV
132	0	ELIHQIFNIVRDTRG
133	0	INKWQVVAPQLPADL
134	0	HYFNKFQMKQPYYTR
135	0	IDRFPYQLHTGKNTI
136	0	IVTPYDKAVEKEEHH
137	0	IQSIPFVHLGHRDNI
138	0	ISTRVRCGRSMQGYP
139	0	GITKIGNQNFLTVFD
140	0	GLVPKLDAAYSVAYK
141	0	GHEYDLNERRNYFVE
142	0	HDEFLNEDIFLKGID
143	0	HHQRLFMVQSLERVV
144	0	GQDMSEEETEQNPEI
145	0	NTDHGFPSGARPFFY
146	0	MSILKIHAREIFDSR
147	0	LQSLGAEIAVEQAAL
148	0	THQFNVAGSVTVDKT
149	0	QTLIAIHTLAIRYAN
150	0	KVAEKLSEYPNATAR
151	0	ESSPNTQWELRAFMA
152	0	AYRVTKDAQLSAPTK
153	0	IHSLLDEGKQSLTKL
154	0	HEYEPLPEDVKKTSE
155	0	GQVELGGGNAVEVLK
156	0	AWTAMTAATPIQIVG
157	0	ATPPPPPPPQLGASP
158	0	AVLALCATDTLANED
159	0	DHFIELIKKLFGLSH
160	0	DKGVDVDHIIELIHQ
161	0	DGEFTYVPLVGDDSW
162	0	ADGSGELEFEEFCTL
163	0	AEVDEFLEKLSLLLN
164	0	AAAGAEAGKATTEEQ
165	0	APEVKYTVFETALKK
166	0	ARFMAEEADKKYDEV
167	0	AGTKMFLDALFRAGT
168	0	ALKESWGAIWRIDTP
169	0	SPEFQSIVGTLEAMP
170	0	SDRGWGNHCGLFGKG
171	0	SGEYWIDPNQGSVED
172	0	STWLLKPGAGIMIFD
173	0	STRNMDVSYSKSYLY
174	0	SSSSSSSSSSSEEHH
175	0	QQFISSEMVEPKEAS
176	0	QSTWINYFKLIHVRK
177	0	QDFLALIPTDQVLAI
178	0	RPLFEANFDASSGLT
179	0	RVINSADGATTWYFN
180	0	RCNNVGIRIYVDVVL
181	0	RHTYYENQFCVSEKP
182	0	VYYDHEDTKNHAVSF
183	0	VPIMNIYSAFEFDPN
184	0	VSKAPQLVPKLDEVY
185	0	YNNLTVYYDHEDTKN
186	0	YTVALFLAVALVAGP
187	0	YHDVGLNTYYSYYYF
188	0	TPNMFMKDVFIFHKK
189	0	TTINVNLASAKSKVE
190	0	TESNNQVLSASQSAI
191	0	TGRGIYHNDAKTFLV
192	0	VKNFVAAYKNGMLAR
193	0	TYTKPFKTPYNPQLR
194	0	VDNPAQFISANFTLK
195	0	LKPNQGMPEVYVEGK
196	0	LKGIDIFCQIIPAVA
197	0	LIQRLKDKGVDVDHF
198	0	LVKYEGDTMAEVELR
199	0	MADKEKKKKKKAKEE
200	0	PWLGFEAEYNQVKGD
201	0	LEKLREKGVDVDKII
202	0	KLVLDIKYTRPGDSL
203	0	KEGNGYIPTSCLREI
204	0	KGDEQKLRSAGELEL
205	0	LCKKRPKPGGWNTGG
206	0	KSAANVEGDIYSEMR
207	0	KTTYTYEKQDKYCGL
208	0	NRIYRFLDTNTDAMS
209	0	NYPTFFNSTEYGVQF
210	0	NNGGKDGNLTNGPEL
211	0	PQDFDLMYVSDIKNY
212	0	PTKVARVALENAASV
213	0	PEYQDLIQRLKDKGV
214	0	NDVIQKAYDYKMKES
215	0	NASAVIQEFLKTYKK
216	0	MYLGTCKTLTPLMSS
217	0	RASRVAEQLFRKFLKF
218	0	NDAFGVMPPVARLTPEQ
219	0	SGKPGDQGVPGEAGAPG
220	0	KGDRGETGPVGAPGAPGA
221	0	CHHLDKSIKEDVQFADSRI
222	0	IPSTVKAGDLEKIISRCQVC
223	0	LPMDRFMVGIPHDPLGMMHE
224	0	SEFAYGSFVRTVSLPVGADE
225	0	ISGGHINPAVTVAMVCTRKI
226	0	PQQPISQQQQQQQQQQQQQQ
227	0	IAVHSQTTAIPPCPQDWVSL
228	0	HEFCRMIQLPKSIENNQLKC
229	0	RAVLHVALRNRSNTPILVDG
230	0	GTDGPKGATGPAGPNGAQGP
231	0	GRLMYDMYPHFMPTNLGPSEK
232	0	AARVTQILSSLTITQLLKRLHQWI
233	0	SPNKYWNSSTA
234	0	KTVWFVPSIKA
235	0	HSRAPSPLYSVE
236	0	FEAQKARANKAVD
237	0	FYGHIFHMYRSLLGH
238	0	FYNMVKQGLVSQPIF
239	0	FAGAWCVPKVTFTVE
240	0	FTVYVIVTPYDKAVE
241	0	FGLSGKDDWENLEID
242	0	ENNSSPSSESQVNKS
243	0	EDSIYPKSMLLNIFT
244	0	DPSNVRNCELVGLHD
245	0	DRYYRENMYRYPNQV
246	0	ENVIDVKLVDANGKL
247	0	EGHHLASAAIFGHDG
248	0	EKGVDVDKIIELIRA
249	0	IIGSYKGAPRNRELF
250	0	ILDIPQKFNMEYFKV
251	0	AAGTYVAADAAAASS
252	0	IYSAFEFDPNSKVHA
253	0	KARLSLDRNEDQLIT
254	0	IPANLLPTYNLIHNT
255	0	GKLEDVPNVDIRARN
256	0	GMNPSHCNEMSWIQS
257	0	GCPVYVGTKHAVVGI
258	0	GESKIVELEEELRVV
259	0	HLNDAVTSKLQTCLL
260	0	GQPHGGGWGQGGGTH
261	0	GVALVRAINSLDNLR
262	0	NYAIVEGCPAAANGH
263	0	LNVLRIINEPTAAAI
264	0	LVSHQMRLSQVIKLA
265	0	THSWEYWGAQLNAMK
266	0	SYSYNKDNNELSHFA
267	0	RVFFDTNKSNIKDQY
268	0	FASVTYHVESDLQNS
269	0	ALLVLVVGVLSQKDP
270	0	CYAVYSPRVATTVEA
271	0	KPFTYNVEVTSEKDT
272	0	GGFEVNGNFIKVSAE
273	0	GMYPVEIWHPDPAKN
274	0	CHLREHLRQDFASVT
275	0	ATGRKHVRRGVGING
276	0	AVIRGKKGAGGITIK
277	0	DGTKDLLFKNSATGL
278	0	DGFLVGGASLKPEFV
279	0	DFKNHNGFIRIIPLF
280	0	ACWARDRVNEGMFLY
281	0	AEGLSGEPKGAAESS
282	0	AARKLYKLENDHPNY
283	0	APAAAEPARQSSRGS
284	0	AQFSPVNTQFSSGWD
285	0	AGNKLAMQEFMILPT
286	0	SLENFMNITGSINLM
287	0	SNPIIVSAGWDKVVK
288	0	SDDDEVVIAAFKTFE
289	0	SEVTALNRQIGGTPI
290	0	SYDIEANINNYKNPR
291	0	SRYPGQGSPGGNRYP
292	0	SSSSSESNESVLAKK
293	0	QMCVTQYGKESQAYY
294	0	QRNSHDSSVVAQEQD
295	0	QKKWDPLKKETIPYY
296	0	RNSASMDLSSSSMSS
297	0	RVFESTVTGRCEALY
298	0	QYPDFGVNLIWNHKR
299	0	RGEPFSTYYIKHREQ
300	0	WTQQHDTKLRIMKTH
301	0	VNTQFSSGWDESVPD
302	0	VSDVVLSSDGNYALS
303	0	YLSKSMALTGDATAV
304	0	YKSFSYCGVGANHRI
305	0	YKLGPSPKARSERPA
306	0	TPAAPAGAEPAGKAT
307	0	TSYHFRASLNKADPH
308	0	TEEQKLIEKINAGFK
309	0	TVWAQSADFPQFKPE
310	0	VKAACEAKKKATGHV
311	0	TYKVLYKKVNEAYEG
312	0	VDDAKSFIDASNVAI
313	0	LKVAAIKAPGFGDRR
314	0	LGDQTGVLLKALAGV
315	0	LIHNTKQVDVDPVGV
316	0	LVIFNTKPIHPNTLT
317	0	LYYKPTCVVDSSYIN
318	0	LQVRGTRGEHTEAEG
319	0	KKELEDIVQPIIAKL
320	0	KLQIQITELEMSLDV
321	0	KEEHHFKAYSYCGVG
322	0	KNTIVIPKGDFLTGP
323	0	LEANGLNAIDFLNGI
324	0	KRDHVLPACRNSTER
325	0	KTLVKFVEGNLKYFN
326	0	NQLNEIRHAILAAGD
327	0	NGWGTMVSHRSGETE
328	0	NLKRAILAHFQVAPQ
329	0	PPGDNIIYVGELSHQ
330	0	PSSESQVNKSKRQPN
331	0	PKYISDGNVQVKFFD
332	0	MLERYSNDMPEIQPF
333	0	MSSKFPELGMNASHC
334	0	NAAYNAADHAAPEDK
335	0	GKMVAPSFTAEEKAQK
336	0	PGEKGEPGEDGPAGPDG
337	0	PGLQGPAGPPGEKGEPG
338	0	DPTYLDITYHFVMQRLPL
339	0	RITERVGPALGRGLYSTVV
340	0	AQVTSHDASTNGLINFIKQQ
341	0	WIYWVGPIIGAVLAGGLYEY
342	0	SGGPRVWYVSNIDGTHIAKT
343	0	RFLWQLKFECHFFNGTERVR
344	0	TQAFWKAVTAEFLAMLIFVL
345	0	VLISLCFGLSIATMVQCFGH
346	0	HIAKTLAQLNPESSLFIIAS
347	0	PFMLGALVAMYEHKIFVQGI
348	0	DDGAGGKKLHVEVQLDPVYR
349	0	RRVTETRSSFSRVSGSPSSGF
350	0	ERRAKEKLQEQQRDLEQRKADTKK
351	0	SGVENPGGYCL
352	0	ATLDDPFILRD
353	0	TISRIAVSYQTK
354	0	RSFTLASSETGVG
355	0	HSLGTKWLGHPDKF
356	0	ETLNPVVQQNLKLSS
357	0	FSMFSQKQVAEFKEA
358	0	FQMKQPYYTREELAF
359	0	FHTIYKKDNGSPTDP
360	0	FVNDVLTPWGCYAKD
361	0	DVGVDVTVGLPVQKQ
362	0	DQYSNQNNFVHDCVN
363	0	DSLTISNLTTSQQDI
364	0	ELTEDLNMELRVFFD
365	0	EPGHLAPTGMFVAAA
366	0	ELEFEEFCTLASRFL
367	0	IISSPFRPWWERYQL
368	0	ILSCRIIGAQKFDVV
369	0	HSLYNNEKGLEWLGQ
370	0	IPAGELQIIDKIDAA
371	0	KDGLDLIKDAIEKAG
372	0	IPKGKKGGQAFTVYV
373	0	ISFCRGNKGFVAFND
374	0	GKRVVLPVEIPIQCE
375	0	GDTMAEVELREHGSD
376	0	GGFIEMQLPPGDNII
377	0	GYTPATPAAPAGAEP
378	0	GYFFGFQGEKYPLYE
379	0	GVTCGPGHGISVGSL
380	0	PYSVLATDYENYAIV
381	0	LGQPEEGAPCQVVLQ
382	0	LRKDYIKRQGSTPLA
383	0	VVFDTGSSNLWVPSK
384	0	QTLFAGYFDNTIRVW
385	0	EMIQHYTLDQVNQHK
386	0	DTSSTWTWPAARIAE
387	0	DAEFRHDSGYEVHHQ
388	0	KQHETFKRRVYKVYD
389	0	GVYDISNKRRMGLTE
390	0	AYVATVSEALRIIAG
391	0	CKTLTPLMSSKFPEL
392	0	ATQYDYYYPEDLQSY
393	0	DIKNYEKRVADAVDF
394	0	DKVVKVWNLTNCKLK
395	0	DAFDREKSGSISTNM
396	0	ASLKPEFVQIINAKN
397	0	AFYQIWKRVQHYFNK
398	0	YWLCAAFGPSIKIWD
399	0	AAIANYHYDADENSK
400	0	APQLPDDLMIRVIAQ
401	0	AIMLFELFYYANDYD
402	0	ALHIIAGTPEVHAVK
403	0	SIHKFEFASKNKVTY
404	0	SHQWFQKGSSIGRVF
405	0	SGTNNKTMAVCTNAK
406	0	SYDDALVSKYTDSQG
407	0	TAHFEKKMGENTGIV
408	0	SQQPFQIELNSRGEV
409	0	QPNSHPRRQEYLSKS
410	0	QTLFLLLLLLAAVSA
411	0	QAYLALRAWGLPVSE
412	0	QFTNCRHNSAYKLHF
413	0	RQPLSFDHAVELKLL
414	0	RFDTNGDGKISLSEL
415	0	RIQLLEEDLERSEER
416	0	VVKNFMALYKKDPVK
417	0	WGAIWRIDTPDKLTG
418	0	VPVKKATVVYQGERV
419	0	YQQIYARYMLERYSN
420	0	YVYALPTKAAHIVFP
421	0	YEDAKSPLTASKLTY
422	0	TQEFKHQLQGGVLRV
423	0	TTTRRICKLDCSKIP
424	0	TFEIDANGILQVSAE
425	0	TGVLLKALAGVPVAH
426	0	VHAVKPVTEEPGMAK
427	0	VAFSVDNRQIVSGSR
428	0	VDVIYLEGQNEKGKE
429	0	LKSDEFETIVVTVDS
430	0	LLSLYLDQNEHADIR
431	0	LKADVFFNKFNPTDN
432	0	LVNGSSNYLLFYDQH
433	0	MALFVASYADNSNSE
434	0	LQQKPVNKDQCPRER
435	0	KKGAGGITIKKTGQA
436	0	KKMGENTGIVFKVKY
437	0	KEFANVVRVVRHTSK
438	0	KNRTTIRGRTKFEGN
439	0	LEDELVHEKEKYKYI
440	0	KRDQSDRGWGNHCGL
441	0	KTMAVCTNAKVTAKG
442	0	NQMSGSWPDAHGQGG
443	0	NNLGRINTHVQKGYM
444	0	NLTYDGSGPSTIIDA
445	0	PPGLQGMPGERGIAG
446	0	PTGFQGLPGPPGPPG
447	0	PGPRGLLGPKGPPGP
448	0	MLDHAGNMSACAGAL
449	0	MSDVHLTAPKTYIFP
450	0	NAERLVEFGAPHAVK
451	0	VVAAEMAEALRGLPVRY
452	0	AGEPGREGNPGADGLPG
453	0	GLAGPKGATGDPGRPGE
454	0	IGGRVHFFKDISPIASSE
455	0	TSAHLERMKKNMEQTIKDL
456	0	QDNSAKKEATPATPSKPTPS
457	0	FLGQQQSFPPQQPYPQPQPF
458	0	DPHEYEVKPKDIKKLTDADV
459	0	SIMVAFKGVWTQAFWKAVSA
460	0	ETTTGGKKCSHEFCRMIQLP
461	0	TFLTSELPGWLQANRHVKPT
462	0	VIAVSKDVKPIYLNGEEGNK
463	0	PAPQAPYQGYQEPPAPQAPY
464	0	AYCLWMMLLISQAEAALELIT
465	0	KIEIKASIDGLEVDVPGIDPNACH
466	0	GKADFPVMATA
467	0	KAVYNFATCGI
468	0	QLQWLNRRANAL
469	0	ARQMVQAMRTIGT
470	0	FSSPPVILLISFLIF
471	0	EWATPFPHRKGVLFN
472	0	FWAVRGGGGESFGIV
473	0	FMVAMFLAVAVVLGL
474	0	FGEKDDLISDKVVHA
475	0	DWKYVDGEFTYVPLV
476	0	ECQDVLDCADPVTPP
477	0	DNKEYISGLDRKVEV
478	0	GAFTGEISPAMLNDI
479	0	EQYIYVKSPTAELIK
480	0	EFDPNSKVHAIMNIG
481	0	EIDGKQTHQSVAISR
482	0	IKYTRPGDSLAEVEL
483	0	IAAPGCPNALKGKTV
484	0	IDFLNGIHDLLGIPH
485	0	KAHSMRNSASMDLSS
486	0	IQEFLKTYKKPTNFN
487	0	ISTNMVEEILRLMGQ
488	0	GINWVILGHSERRNV
489	0	GHVYDANKIVYTVKV
490	0	GGSAVANIDMLRLSE
491	0	HDCVNITIKQHTVTT
492	0	HGVKAQLNSPWKQVS
493	0	GSIYHYYRQLAGKSV
494	0	NRMVNHFIAEFKRKH
495	0	PGVMYAFTTPLISFF
496	0	LRGIPGPVGEQGLPG
497	0	TRINDLTDPNMLAHL
498	0	VFLNNYDAENKLNDV
499	0	SSLFQVANQYTGILY
500	0	FFYFFTGSSQLEFDP
501	0	ALAVLHFYPDKGAKN
502	0	ISDFRAAIANYHYDA
503	0	GIDFYTSITRARFEE
504	0	GPQGEPGPPGQQGNP
505	0	CGLFGKGSIVACVKA
506	0	ATLKALQNAHHLNDA
507	0	ATSPTAEGGKATTEE
508	0	DGTYDITKLGAKPDG
509	0	ASLTEALRVIAGALE
510	0	KDPVFKNMTYVNTSL
511	0	ADECERFLGPKGFAG
512	0	AELTHTESNNQVLSA
513	0	AALNRRIQLLEEDLE
514	0	ANDAEVKAAVEYLKS
515	0	AITAMSEAQKAAKPA
516	0	ALLCCLLVSAASAIT
517	0	SINLMFSQMYHAQLA
518	0	SPLTASKLTYENVKM
519	0	SGTVDFDEFMEMMTG
520	0	SVRIRVRSGGHDYEG
521	0	TAKAPGLVPKLDAAY
522	0	SPYFVTNTEKMITEF
523	0	RWQVVAPQLPDDLMI
524	0	QTLTHWFTKNIVFSS
525	0	QDHQEEICEVVLAKS
526	0	QFYPLTGMTKEVQQK
527	0	RQLFQGQDMSEEETE
528	0	RFLGPKGFAGVQVSP
529	0	RKAKAVEHLLSTRNM
530	0	VVLGLATSPTAEGGK
531	0	WGGDVAFVKHLTALE
532	0	VPRRGPRGGPGRSYA
533	0	YQTLKQSTWINYFKL
534	0	YWLLALFVTMWTDVG
535	0	YEGKDQFYYDKSEQY
536	0	YIDYRARQTRLNHKP
537	0	TRHVTKAALLAAVTL
538	0	TFVINGRNFNISSQY
539	0	TISVDGVTPVFYNMV
540	0	VFLGPKYNYYGHEYD
541	0	VEMHQVRDLKIKSVY
542	0	VEGDIYSEMRRKAKA
543	0	LLILIVLLGQFVSIK
544	0	LMYVSDIKNYEKRVA
545	0	LERAEERAETGESKI
546	0	LNVVKTGRLMLGATD
547	0	MASSSSVLLVVALFA
548	0	LQNFLNFLEANGLNA
549	0	LRKAFDAFDREKSGS
550	0	KIPKKASEGAVDIIN
551	0	KEPSYQVGSFIVSYL
552	0	KGKLGVPGLPGYPGR
553	0	KYLYRPFANQDAGAK
554	0	LDDLKALFNEKLETS
555	0	KTDCTKEVEEAWASA
556	0	NTTFSNASAVIQEFL
557	0	NYYTGDYHPSYYYGY
558	0	NFGVGWGYIPDGDAL
559	0	PAYFKMNSPSLWKYN
560	0	PVRPYEYSRRSLYYS
561	0	PFNRRTLEELIDEVD
562	0	PHDSVYDKKPLGFPF
563	0	MVEADLERAEERAET
564	0	MGVQKFWAFDNTTFS
565	0	VDLLVNLLPAILSPGA
566	0	PPYCTIVPFGIFGTNYR
567	0	GEPGAAGPVGPPGERGA
568	0	PDAERFSFPRVINSADGA
569	0	ASDYKSAHKGFKGVDAQGT
570	0	DHARHGFLPRHRDTGILDSI
571	0	ARKELQAAGKSPEDLERLLP
572	0	GNGWFEKALEQAGKSLKDKK
573	0	EEPIAPYHFDLSGHAFGAMA
574	0	MAALTRDPQFQKLQQWYREH
575	0	VDRGEEKKGKDQSGEVLSSV
576	0	VFCPDVEFKRRFKEAFSKAA
577	0	PERMFRKPIPSTVKAGDLEK
578	0	VTLISSPPMFRVPVNPVPGG
579	0	SDVGEYRAVTELGRPDAEYWN
580	0	KRHRKVLRDNIQGITKPAIRRLAR
581	0	MTYTQGGANLT
582	0	DYSNTHSTRYV
583	0	VRSSSRTPSDKP
584	0	LIYYTDFSNSSIA
585	0	KILYNSAKPNSDLH
586	0	EVGWLALHHNARDAA
587	0	FDSFVASLTEALRVI
588	0	FTTTVSHATSLVNGS
589	0	FLALIPVDQIIAIAT
590	0	FVHLGHRDNIEDDLL
591	0	DVLDIGGLKVQKQTF
592	0	EAAFTVSSKRNLADA
593	0	DTTVAPAGTQAIIDT
594	0	EMQLPPGDNIIYVGE
595	0	EQLLSYFTEDVFLNA
596	0	EENLIAPVFSIHHAR
597	0	GAGAAPLSWSKEIYN
598	0	INGIIVFGTRILDEE
599	0	IAGPVSEVTALNRQI
600	0	IDNVNKIIVPELLKQ
601	0	ITKNIAGDKIDLHSI
602	0	IQGKFGLDATAVGDE
603	0	IRHAILAAGDLYSRR
604	0	GITIKKTGQALVVGI
605	0	GNLCYSGFQPCGHSD
606	0	GGWGQGGGTHNQWNK
607	0	HFFIGDFFVDHYYSE
608	0	HHHSTDLNVSQDRIG
609	0	GYFNTHTAAEVVQKG
610	0	NSEPVYIQPISTRSL
611	0	PKASATPATDPARGR
612	0	LVYPTSLGFPLKLVL
613	0	THLNDLESHPVSFSF
614	0	STVKAGDLEKIISRC
615	0	RQSGATIADVLAEKE
616	0	FGGHYMESVFQMYTR
617	0	AAQYVAAHPGEVCPA
618	0	ISKYAGINILNVYSP
619	0	KMIEYLNHLVDCGVA
620	0	FYTEFDMENNRVGFA
621	0	CGGTGKNTIVIPKGD
622	0	CPNALKGKTVLENFV
623	0	ASVRIKVPKLAADKK
624	0	DITVKNCVLKKSTNG
625	0	DLDQTMEQLMQVNAK
626	0	DAGAKTVVDSKLTYV
627	0	DENSKQKKWDPLKKE
628	0	AGALEVHAVKPVTEE
629	0	AAFTSSSKAATAKAP
630	0	AAKFIIEEDSEAMEK
631	0	AMPEYQNLLQKLREK
632	0	AKASRNLQDDLQDFL
633	0	AKQRFNHAIRGKRSV
634	0	SIVGTLEAMPEYQNL
635	0	SHRIRREYTEDENPA
636	0	SHATSLVNGSSNYLL
637	0	SVRLQSWQSEMLRMN
638	0	TARKHHRRGVGITGL
639	0	SQAYYDGRRSSSTVL
640	0	QPFPKTVWEQILNTW
641	0	QTDAKTDVPMSLENF
642	0	QAAVVRFQEAANKQK
643	0	QKLSFNKPQARQLYP
644	0	RVWEQIFSTWLLKPG
645	0	RDPANWQILKRVNYL
646	0	RIIIDRFMDFREQEK
647	0	VVAVDIKEKGKDKWI
648	0	YADQYEIGQSYDIEA
649	0	VSSKRNLADAVSKAP
650	0	YPNQVYYRPVDQYSN
651	0	YVNPINEAIGCVVEK
652	0	YDKKPLGFPFDRPIH
653	0	VLADELSQEVCILSA
654	0	TVAAAPQVKYAVFEA
655	0	TGDVGQMGPPGPPGP
656	0	TIKKQSLTLTEIQAH
657	0	VFVDNHDNQRGHGAG
658	0	VAISRYLGKQFGLSG
659	0	VEAGLKVAATLHTAT
660	0	LLAMAVLAALFAGAW
661	0	LLTAMAMVTAKLATV
662	0	LGHRDALEDDLLNRN
663	0	LVSKYTDSQGKNRTT
664	0	MALYKKDPVKRGEPF
665	0	LPTYNLIHNTKQVDV
666	0	LREEEYKQQIKTLNT
667	0	KNMTYVNTSLVLAFS
668	0	KELLDKEPSYQVGSF
669	0	KGFKLVAMKFVWADE
670	0	KYDFDGVNRGTRGTS
671	0	KVVATNSIIADITKN
672	0	KVAATLHTATGSDIT
673	0	NVSHIQSAVVCGRRH
674	0	NYIGSEDSIYPKSML
675	0	NPQLRYPNGQEVPAR
676	0	PRFTILVRLLKQLKV
677	0	PRVGEDRHILPRFTI
678	0	PDNVKPIYIVTPTNA
679	0	NEAIGCVVEKTTTRR
680	0	MQREVLVFLRNAKIE
681	0	MIGLKLVTVLFAVAT
682	0	RNIPPRMFTAEEKAEA
683	0	INDRNFIATTALSSTEE
684	0	GAKGEQGEPGQKGDAGA
685	0	GHTIEDVKNAIGVLIGGL
686	0	ERVRFLDRYFYNQEESVRF
687	0	AVIMGNWENHWIYWVGPIIG
688	0	ILVDYSKNLVTEDVMRMLVD
689	0	RIAHRIKGFRSLPFIIGCNP
690	0	SDDNWLNFDGTLLGNLLIFP
691	0	QVLQQSTYQLLQELCCQHLW
692	0	NYTPKNKIERNHKYDIKLTI
693	0	VFTIFASCDSKRTDVTGSIA
694	0	IATMVQCFGHISGGHINPAV
695	0	SSKRGRQTPVLYAMLDHSRS
696	0	QLVKDKNIDISIKYDPRKDSE
697	0	RRANALLANGVELRDNQLVVPSE
698	0	FLFSMPCFAEA
699	0	NVYNTAEYAKT
700	0	FRYPRPKHCHTQ
701	0	NEYLLPQTVWARF
702	0	EAWGALANWAVDSA
703	0	GAATVAAGAATTAAG
704	0	EVQKVSQPATGAATV
705	0	FLAVAVVLGLATSPT
706	0	FIKEFPVVSIEDPFD
707	0	FKSLDIVINNAGILN
708	0	DVISGSYENGSCTGK
709	0	DVDTLGNLDPAGEYI
710	0	DTDQEFLDTKWFLDE
711	0	EMGLSNAVKVGKLED
712	0	EPLHYDRPFQTEYNP
713	0	EHFDVDLDNVVNVKV
714	0	IKEKGKDKWIALKES
715	0	IMKTHQFTNCRHNSA
716	0	HTVTTTTKGENFTET
717	0	IESIRKQTAIEIEQL
718	0	KDKWIALKESWGAIW
719	0	IPVNFTLRNQEQLLS
720	0	ISMQMGGDLGQVYRR
721	0	GKARTAWVDSGAQLG
722	0	GEKDFEDYRFQEGDW
723	0	GGGWGQPHGGSWGGP
724	0	HADIRVEALFLLMKA
725	0	HIVFPSYEIEMFYDG
726	0	GVWTFDSEEPLQGPF
727	0	NIEFFTKNSAFPKTT
728	0	PKIFFRPTTITANVS
729	0	LRQTKVPSLFVESSV
730	0	VASLLTTAEVVVTEI
731	0	QLVFNSISARALKAY
732	0	EIYNKQKGMLVSHIN
733	0	DSKSLLRKYLTKEVF
734	0	DNLKTKKTPTFGSTL
735	0	IAYYFYNPDAADDWI
736	0	GGSTYIAAKVNEAKD
737	0	GMPEVYVEGKRVDYN
738	0	CTVHPNHPPPSYGVN
739	0	ATFEAMYLGTCKTLT
740	0	AVFGEIRTTKRFPID
741	0	DGRRSSSTVLFSSPP
742	0	DDGVPTRIRSAVLDV
743	0	DFFVDHYYSEFNWEN
744	0	AAYKLAYKTAEGATP
745	0	AFKPTSPVPNMQREV
746	0	AAPVVEVAPVEPTPV
747	0	ANWIEIMRIKKLTIT
748	0	AQEQDTYKVLYKKVN
749	0	AHGETVSAVAELIGD
750	0	SKWIDKDQLTALYME
751	0	SNNGIKQQGIRYANP
752	0	SCTGKTVTVGSDGKA
753	0	SESSSSSESHENNSS
754	0	SYEIEMFYDGSRIMI
755	0	SRPRSSSSSSSSSSS
756	0	SSSSITLTLPCAMGL
757	0	QLYTHALGVTGNTHI
758	0	QKYCPNKICTSKGDS
759	0	QKGYMVSSMTDLWEA
760	0	RNLRASANPSKEKQK
761	0	RVDYNHHHSTDLNVS
762	0	QYIYSKVNNLNTDHG
763	0	TDSQGKNRTTIRGRT
764	0	WTDVGLCKKRPKPGG
765	0	VNQHKKAIEEDLKHF
766	0	VRSGGHDYEGLSYRS
767	0	YLGKQFGLSGKDDWE
768	0	YKQQIKTLNTRLKEA
769	0	YKLENDHPNYMNWDT
770	0	TQYKCWIDRFSYDDA
771	0	TSSTPEAVSLLCSDK
772	0	TFFNFGYVALTIKHV
773	0	VGLTFCTTMSFPWDP
774	0	VIYVQIRFSVRRFHP
775	0	TYKTSKLYKMAVAFM
776	0	VDCRPFNGGESKLKA
777	0	LKKWHVLLANKPQAK
778	0	LGASPYKLGPSPKAR
779	0	LIDDVLAILPLDDLK
780	0	LVGPFNFRFMSKGGM
781	0	LYPHVSEDVIVDNPA
782	0	LTAPKTYIFPVNYTV
783	0	KKEEKKESGDAASGA
784	0	KLLFDLFYYANDYDT
785	0	KECENGGSAVANIDM
786	0	KNVFDDVVPEKYTIG
787	0	LDYLNHMAKEDLVAN
788	0	KSSKPLVGPFNFRFM
789	0	KTLNTRLKEAEARAE
790	0	NSNSEVRKIKATQNE
791	0	NGTSFAIQYGSGSLS
792	0	NLKNFTFYSGETIHK
793	0	PNTDGIHIGDSSKVT
794	0	PTNFNHTKLSSSSSI
795	0	PKSMLLNIFTNNLGR
796	0	MVWEGLNVVKTGRLM
797	0	MKLEKDNAMDRALLC
798	0	NATARIEGHTDNTGP
799	0	RVNSAYQDKVSLPNYP
800	0	GPQGKVGPTGAPGEDGR
801	0	PGKSGERGPPGPQGARG
802	0	ERLAKLSGGVAVIKVGAA
803	0	DQMWKCLIRLKPTLHGPTP
804	0	WTTCQSIAFPSKTSASIGSL
805	0	FNEIRRVLLEENAGGEQEER
806	0	APEDINVTSSDNRVTVHAKK
807	0	GENRFYYSSGSSSPTHAKSA
808	0	PGTRINQETVSLDANGVSGS
809	0	VKLYRKLKREITFHGAKEIS
810	0	VEVQLDPVYRPEDLCVNIDS
811	0	FNGAYTPANYANVPWLSRNY
812	0	ELNLRRLFDANKDRFNHFSL
813	0	VPYFVRVQGLLRICALARKAV
814	0	CIIHRGKPFQLEAVFEANQNTKTA
815	0	EPLPQGQLTAY
816	0	ITKKVADLVGF
817	0	ICARQDPAGNCS
818	0	QVAVEDRVRQLHE
819	0	EVIPTAFKIGKTYTP
820	0	EWVAMTKGEGGVWTF
821	0	FLSSIGKAVHTVLGG
822	0	FNPCLTEAQYKEMED
823	0	FKAYSYCGVGPHDSV
824	0	DVVVGIAAPGCPNAL
825	0	ECGGILQAYDLRDAP
826	0	DNEFVLVEFYAPWCG
827	0	EEARSLQKKIQQIEN
828	0	ERIFKRFDTNGDGKI
829	0	EFNNDLKQTLQTCLP
830	0	EIRLKVFVLGGCRHK
831	0	IHKASTVLAFPAGVC
832	0	IAFFRKEPLKECGGI
833	0	IFKISKTVSEGAVDI
834	0	IVLNPEIYNKQKGML
835	0	KAKEEAPAAEAAPAP
836	0	ITHAAELQRVPLYKL
837	0	GKGSIVACVKAACEA
838	0	GLIGLIGPPGEQGEK
839	0	GAQLGELYYAIYKAS
840	0	HEMRTKRDHVLPACR
841	0	HKPETFLSNSAVSRV
842	0	GPKDNGGACGYKDVD
843	0	GTKGEAKDVIPEGWK
844	0	QGDGVKLHLKAKAEV
845	0	LKYFNMGVQKFWAFD
846	0	LSFLPSDFFPSVRDL
847	0	VAMIWSVAAVAQTVG
848	0	RCGRSMQGYPFNPCL
849	0	KVHFAGFAAPACESG
850	0	EVQQKLIDDHFLFKE
851	0	ADDLEGEFTEETIRN
852	0	FLLSYGEKDFEDYRF
853	0	KLTYCPVKALGEPIR
854	0	FQDAYNAAGGHNAVF
855	0	WSKVVIAYEPVWAIG
856	0	CRFWPTGRGIYHNDA
857	0	ASYFKSNCPDAYSYA
858	0	ATVATAPEVKYTVFE
859	0	DKGPGFVVTGRVYCD
860	0	DCGVAGFRVDAAKHM
861	0	DENPAIPKDKQPNSH
862	0	AAVEFVGAFVVDAYA
863	0	AAFNNAIKAGTGGAY
864	0	AAPAAGYTPATPAAP
865	0	ANFDASSGLTTEQPV
866	0	APSALEHPETSLRDP
867	0	ALTALIRDPPADSTG
868	0	SKLCDHEMRTKRDHV
869	0	SMHPDFYGHIFHMYR
870	0	SAGGFLSSIGKAVHT
871	0	SPTDPKTLVKFVEGN
872	0	TDDNEEPIAAYHFDL
873	0	SSESHENNSSPSSES
874	0	SSLEVFFQQQRILLR
875	0	QNNFVHDCVNITIKQ
876	0	QERLAKLAGGVAVLY
877	0	QIELNSRGEVRKLRV
878	0	RMSGGSDDDEVVIAA
879	0	RSEERLATATAKLAE
880	0	TDRDYDVLQWQTIPY
881	0	VWNLTNCKLKINHIG
882	0	WNTGGSRYPGQGSPG
883	0	VLKMVAELTHTESNN
884	0	VQAAVAYLQSDEFET
885	0	YTNEANIYKLNIAEI
886	0	YFTEDVFLNAFNTYF
887	0	YKGDFTYLSVDRKMY
888	0	TLRNQEQLLSYFTED
889	0	TSAVGAPTGATTAAA
890	0	TKYEYDVPRHGEQFY
891	0	VGGLGGYMLGSAMSR
892	0	VIKLADTSSSSESSS
893	0	TWFNYTKYEYDVPRH
894	0	VANQYTGILYKARLS
895	0	LNPWQWTQQHDTKLR
896	0	LFTGLNYDVPTKDIF
897	0	LHSIVPIGQDPHEYE
898	0	LTVIGEHAWDFGSAG
899	0	LTIRNTARSHAAQMI
900	0	LSQEVCILSADVVVG
901	0	KIRGTLKVAAIKAPG
902	0	KLEEVAGKYNLQVRG
903	0	KFIPALEAAVKQAYA
904	0	LAILPLDDLKALFNE
905	0	LDTCMPLICHATESY
906	0	KQLKVSQIMEAARKL
907	0	KTFHLDVEASYEKHK
908	0	PAIKAWVAKRPPTDL
909	0	NGGYLAAGKLTWADF
910	0	NKGAFKYIKPQSQFI
911	0	PMIHFGNDWEDRYYR
912	0	PGPINFTQLLTLFAG
913	0	PKDWGDVDTLGNLDP
914	0	MRLSQVIKLADTSSS
915	0	MGDDHFWAVRGGGGE
916	0	HGPGPARAPPPPGGPV
917	0	LIHLHQNIVDVQYLYGV
918	0	GPNGNPGPPGPPGSAGK
919	0	EGAPGKDGARGLTGPIG
920	0	PGKQGAPGSAGDRGPPGP
921	0	VVLVGARGTVYGFCLLSND
922	0	TVEVVEGMQFDRGYISPYFV
923	0	WPSSVSNWIESSLKSWDKEM
924	0	DNRVTVHAKKETTTGGKKCS
925	0	QLIPCMDVVLQQHNIAHGRS
926	0	SFWLASLNPERMFRKPIPST
927	0	GGAYDTYKCIPSLEAAVKQA
928	0	TLERQVYELNKIQDKLPEKL
929	0	VPPSLRTLEDNEERMSRLSK
930	0	CNYYSNSYSFWLASLNPERM
931	0	KKRGLFGAIAGFIEGGWQGMV
932	0	SELLSLINDMPITNDQKKLMSNNV
933	0	MNYEPGRYTPV
934	0	TVFGDPSLLVR
935	0	IFLGPEPKSVVQ
936	0	FAAQKAKANKAVD
937	0	SAIASGIAVSKVLH
938	0	FDQLGRLAVDKELDE
939	0	FDPYGATISATPESA
940	0	FPGLVKYMSSGPVVP
941	0	FGSTLLDVIQSGLEN
942	0	FTQLLTLFAGRMSGG
943	0	EDTKNHAVSFTVTKE
944	0	DRKMYWQFKMDKIQI
945	0	DSEEPLQGPFNFRFL
946	0	ELYYAIYKASPTLAF
947	0	EGIIDPTKVARVALE
948	0	EKKGCISTEMVGTIL
949	0	IINNQIGPKPTLIPS
950	0	ILEPVAQSGKPLLII
951	0	ICDDLDMTFTELIGN
952	0	KAALLAAVTLLEQPN
953	0	KAYDYKMKESGHLNE
954	0	IPFVHLGHRDALEDD
955	0	HLRQDFASVTYHVES
956	0	GMTGCGNTPIFKSGR
957	0	GDDSWKFRLDGVKIG
958	0	GFLSTDVLDIGGLKV
959	0	HGGSWGQPHGGGWGQ
960	0	GRGIEDSLTISNLTT
961	0	GVKIGDTTVAPAGTQ
962	0	PPAYRPPNAPILSTL
963	0	KVPKLAADKKKLEEV
964	0	TTFHQTLQDPRVRGL
965	0	VQKLQKEVDRLEDEL
966	0	SQQKMTSLPMSVFYS
967	0	EAHYARPEIAQRARA
968	0	ATARSEVALLRFVNP
969	0	FKPFAEYKSDYVYEP
970	0	KFTIDYNDKGKAFSA
971	0	GLISFIKQQRDTKLE
972	0	AYESYKFIPALEAAV
973	0	AVWVDGKARTAWVDS
974	0	AVRLSKDIAADLQGE
975	0	DHPNYMNWDTWRVYR
976	0	DKIKDWSKVVIAYEP
977	0	DDLMIRVIAQGPTAT
978	0	ADKSGRLEFDEFVTL
979	0	AFALVLLFCALASSC
980	0	YFSKAYGVPSAYIWE
981	0	AGKYNLQVRGTRGEH
982	0	ARKLAMVEADLERAE
983	0	AGVLWVCATGMARQV
984	0	AKYNQILRIEEELGD
985	0	SLLLNGGCKVSNYDE
986	0	SDYVYQPFPKTVWEQ
987	0	SGHAFGAMAKKGDEQ
988	0	STYYIKHREQAIMLF
989	0	STSCNVVVASQECVG
990	0	SSYINTFDNFTYSAH
991	0	QPCNGVTMNDVKIEY
992	0	QTCLPAGDYCDVISG
993	0	PYYTREELAFDGVKI
994	0	QVNKSKRQPNSRPRS
995	0	RVNYLFQRYKGYLPR
996	0	RDLLKLLVRIQQPNY
997	0	RIDTPEVLKGPFTVR
998	0	VTVGDSYDIEANINN
999	0	VSYKLVSRSGDENAF
1000	0	VSQDTNIPIYAQIFT
1001	0	YPNGQEVPARPAYMM
1002	0	YVDEHLMCEIEGHHL
1003	0	YGLAPSALQNIYTTL
1004	0	TPEAKFDSFVASLTE
1005	0	TTAAGAASGAATVAA
1006	0	TEKGMKNVFDDVVPE
1007	0	TVTVGSDGKAYIEIL
1008	0	VKEIPPRLLYAKSSP
1009	0	TYLSVDRKMYWQFKM
1010	0	VDDAYDNFEIDDKGF
1011	0	LKLSSGKKQKHRNVK
1012	0	LGFPFDRPIHSYDFV
1013	0	LIKDAIEKAGYTGKI
1014	0	LVKFVAGDGDVVAVD
1015	0	MAAHKFMVAMFLAVA
1016	0	LSSDGNYALSGSWDK
1017	0	KKLAFHTDTDLKKDS
1018	0	KLETSPDFLALYNAI
1019	0	KFADIADECERFLGP
1020	0	LAKYKANWIEIMRIK
1021	0	LDVIQSGLENHDSGV
1022	0	KQLLENGAQHVAVCD
1023	0	KTFLVWCNEEDHLRI
1024	0	NYALSGSWDKTLRLW
1025	0	NGNFYVTSDLITKNY
1026	0	NKICTSKGDSARVTV
1027	0	PNKSKLGANAILGVS
1028	0	PLICHATESYTIDVN
1029	0	PKEASHLITVLPAAV
1030	0	MLNDIGINWVILGHS
1031	0	MFYYTRQQLYARYFL
1032	0	LIPEYNEAAIMLSEKK
1033	0	MVTQMAMTDTTPFGQQR
1034	0	QTLALEVARQKRGIVDQ
1035	0	PGPPGPPGSAGKDGPKG
1036	0	NKLERRMENLNKKVDDGF
1037	0	FPACGLSCLEFWQRVLQNS
1038	0	LVELIITFQLVFTIFASCDS
1039	0	SLTMNESGQVGIQPKSASQI
1040	0	AMVDSAMSRNVSVQDSAGVP
1041	0	QQPYPQPQPFPSQQPYLQLQ
1042	0	KKKLEDTKKALDEQVKSAIT
1043	0	TKGDSYYKMMKSNIETVHGS
1044	0	AKEWFLQAAKDPSAVAKHFV
1045	0	GLKGPDIYKGVYQFKSVEFD
1046	0	SSEEEDEIDGPAGQAEPDRAHY
1047	0	RNFDTIRLSFQLMRPPNMTPAVTAL
1048	0	KGVRSPEAIRG
1049	0	VGYQHKFIGSE
1050	0	NEKYAQAYPNVS
1051	0	YFLLKWLGHPNVS
1052	0	FERLAITKGKVDPTD
1053	0	FYVIVTPYAKQDDHD
1054	0	FLGCLVKEIPPRLLY
1055	0	FNIQYVNYWFAPGAA
1056	0	FKVLQLFTGLNYDVP
1057	0	DVTITAPGDSPNTDG
1058	0	EARFTLNQEAHYQFD
1059	0	DPSIHVLKMVAELTH
1060	0	EMLGTRLDQDMLDEI
1061	0	EQISVLRKAFDAFDR
1062	0	EEKANLREEEYKQQI
1063	0	YYYPEDLQSYERRVR
1064	0	INADGTCGNGWVCEH
1065	0	HVWDGRSAIVHLFEW
1066	0	INYNLKQHETFKRRV
1067	0	KDIAADLQGEPRVGE
1068	0	IPVMAYLVGLFAWVL
1069	0	ISGLDRKVEVHVPVK
1070	0	GKLYTYFEPYEMGLS
1071	0	GEFSIQTDAKTDVPM
1072	0	GGGTHNQWNKPSKPK
1073	0	GYVALTIKHVTTHDI
1074	0	GYKSKKINYDSLYNL
1075	0	GVTPVFYNMVKQGLV
1076	0	NERAKSPAAMTAEDE
1077	0	MLDLQPETTDLYCYE
1078	0	LVVFSDPNADAATSV
1079	0	TLRLCVQSTHVDIRT
1080	0	RFFTLGSITAQPVKI
1081	0	SDPNHYKGDFTYLSV
1082	0	EVKSFQWTQALRREL
1083	0	DQVHFQPLPPAVVKL
1084	0	IAGLFLTTEAVVADK
1085	0	GGFKKTDKHPPKDWG
1086	0	GQVELGGGTPIESHQ
1087	0	CSKIPSLPDVTFVIN
1088	0	ATQNEQTCVPQFHQP
1089	0	AVDGRFAVPQILGDE
1090	0	DGQGKAVWGKNSCAK
1091	0	DDFMLKLDGTPNKSK
1092	0	DDLTVTNPTRIQTAI
1093	0	AAVGATPEAKFDSFV
1094	0	AASGAATVAAGGYKV
1095	0	AAKEDFLGCLVKEIP
1096	0	ARVTVKDVTFRNITG
1097	0	AHGIPKVPPGPNITA
1098	0	ALEDDLLNRNNSFKP
1099	0	SLLGHITDPFHKHGV
1100	0	SEAQKAAKPAAAATA
1101	0	SGLENHDSGVGIYAP
1102	0	SVAYKAAVGATPEAK
1103	0	SYENGSCTGKTVTVG
1104	0	STADTYNLQYPAVPY
1105	0	QPDPYKLDSGLVYNP
1106	0	QTCVPQFHQPLVSHQ
1107	0	PYYTTQSYETKLLFD
1108	0	QVNAKLDEKDKALQN
1109	0	RVPLTSNNGIKQQGI
1110	0	RDMVRRCNNVGIRIY
1111	0	RIIAGTLEVHAVKPA
1112	0	VVAPQLPADLMIRII
1113	0	VTMNDVKIEYSGTNN
1114	0	VSRSGDENAFRDMVR
1115	0	YRNFTKGLCGNMDGE
1116	0	YVEGKRVDYNHHHST
1117	0	YDEPMTPGQCNMVVE
1118	0	VKPLYIITPTNVSHI
1119	0	TTVESNVIYSQNSFL
1120	0	TFGAASNKAFAEGLS
1121	0	TIDVNFYCVPLGPAA
1122	0	VGTILEMLGHRLDDD
1123	0	VAGAAAAGAVVGGLG
1124	0	VDVVLNQMSGSWPDA
1125	0	LKTITHHQRLFMVQS
1126	0	LLSVSTYTSLILLVL
1127	0	LGHTVCLSGFMGIDL
1128	0	LVRLLKQLKVSQIME
1129	0	MALTGDATAVVLDMT
1130	0	LPRPPATPPPPPPPQ
1131	0	LTKKGNVWEVKSSKP
1132	0	KNLTVSKLCDHEMRT
1133	0	KELDEMVNEAPGPIN
1134	0	KGFAGVQVSPVHENV
1135	0	KYCGLPEHLLIPKGK
1136	0	KVSSTLSGLEGELKG
1137	0	KTYKKPTNFNHTKLS
1138	0	NSTERASDLNRVHVD
1139	0	NYFVEIDRFPYQLHT
1140	0	NHYMKLVKKGILPDL
1141	0	PQVKYAVFEAALTKA
1142	0	PTPLAKEDFLRCLVK
1143	0	PDFLALYNAIKSPEF
1144	0	AAFQAAHARFVAAAA
1145	0	MTWNALLCCLLVSAA
1146	0	MSWQTYVDEHLMCEI
1147	0	IIFIFRRDLLCPLGAL
1148	0	QPLALEGSLQKRGIVEQ
1149	0	GSPGPAGAPGNPGTDGI
1150	0	ISGIQYLAGLSTLPGNPA
1151	0	QRPGFGYGGRASDYKSAHK
1152	0	SMNPARSFGPAVIMGNWENH
1153	0	NGQHAFYQLIHQGTKMIPCD
1154	0	SQRHGSKYLATASTMDHARH
1155	0	EAPVKVGENKSLTMNESGQV
1156	0	VKGCQGLTVLDDGAGGKKLH
1157	0	NPESSLFIIASKTFTTQETI
1158	0	TNRQIRDLSILKARLLKRKQ
1159	0	SKYLATASTMDHARHGFLPR
1160	0	LSLGSTINWGGTEKPLPVDM
1161	0	QKFSEHFSIHCCPPFTFLNSKR
1162	0	IVVYTDREVHGAVGSRVTLHCSFWS
1163	0	QVYGQIVGNDH
1164	0	KGFNPEVIPMF
1165	0	YNLDKIAEGLAK
1166	0	VVFFKNIILIGFL
1167	0	KKQSKPVTTPEEIA
1168	0	EVDHLYPTTYLNPWQ
1169	0	FAVATITHAAELQRV
1170	0	FLAVALVAGPAGSYA
1171	0	FRKFSNNFEFSYLLG
1172	0	FKSGRGCGSCFEIKC
1173	0	DVIQRAYETRMSDVH
1174	0	DRHILPRFTILVRLL
1175	0	DSSVVAQEQDTYKVL
1176	0	ELYYAIHKASTVLAF
1177	0	EPIAAYHFDLSGIAF
1178	0	EHGSDEWVAMTKGEG
1179	0	IKDQYKPEIAKVAEK
1180	0	ILAHFQVAPQETARS
1181	0	HTKLSSSSSITLTLP
1182	0	HRDNIEDDLLNRNNT
1183	0	KDKFNKIPAEKKLIV
1184	0	IRFSVRRFHPKLGDK
1185	0	ISLEVLKNYQLDSEL
1186	0	GIAQRKLQSVTAELE
1187	0	GEHAWDFGSAGGFLS
1188	0	GEPKGAAESSSKAAL
1189	0	GYVFCDKMISHSLYN
1190	0	GNQNFLTVFDSTSCN
1191	0	GVTVKDVTITAPGDS
1192	0	NHLYETPISATAMVI
1193	0	MLQYAGFLPEIVHSS
1194	0	LVFLRNAKIELKPNQ
1195	0	VEVVVGIPAIYLEST
1196	0	QVYSLIRPNENPAHK
1197	0	KTPVLSVNATVVRLQ
1198	0	EWVAEIRSKSINSAT
1199	0	DRWLDLRYVGPASAD
1200	0	IGKEFKRIVQRIKDF
1201	0	KLIEDINVGFKAAVA
1202	0	FPKEVWEQIFSTWLL
1203	0	CATDTLANEDCFRHE
1204	0	CLREILRELDEQLTS
1205	0	ATAANAAPANDKFTV
1206	0	DIAILTGGSVISEET
1207	0	DKLTGPFTVRYTTEG
1208	0	DASRLSTQGFAWDQP
1209	0	ADYLRMWIQAATVMS
1210	0	AATGAATAATGGYKV
1211	0	YRLNHKPFTYNVEVT
1212	0	AGEYIISTRVRCGRS
1213	0	ASAAIFGHDGTVWAQ
1214	0	AKPDGKTDCTKEVEE
1215	0	ALFNEKLETSPDFLA
1216	0	SLGFPLKLVLAGSSA
1217	0	SEASLNLKRAILAHF
1218	0	SGLVWGQKYFKGNFQ
1219	0	SVGSLGRYKDEKDVT
1220	0	SYESFQNFRVEADIE
1221	0	SSGWDESVPDEKLHW
1222	0	QNPEIIPANLLPTYN
1223	0	QSPMTSDDKCMTQQP
1224	0	QFHQPLVSHQMRLSQ
1225	0	RPFFYQEVIDLGGEA
1226	0	RVIAQGPTATFEAMY
1227	0	RALLCEQQARDANIR
1228	0	RHNSAYKLHFNAFEY
1229	0	WCNEEDHLRIISMQM
1230	0	VPDFETVYMDQLFKL
1231	0	VSHINVTVERKGREL
1232	0	YNLQYPAVPYGPGDF
1233	0	YTTEGGTKGEAKDVI
1234	0	YHNDAKTFLVWCNEE
1235	0	TPGWLPINSQLDYHV
1236	0	TTIHNVPDFETVYMD
1237	0	TEQPVTFRPRRQLFQ
1238	0	TLEVHAVKPAAEEVK
1239	0	VKIEYSGTNNKTMAV
1240	0	TYSAHHIVQNDAFYT
1241	0	VDIMFNDFGEASQKF
1242	0	LKNYQLDSELRIKAF
1243	0	LKFEGPAESYFTTTV
1244	0	LIQLLTASPEEEEGG
1245	0	LVYKIQPVNNAHGGG
1246	0	MADEQLQLPPEQISV
1247	0	LPWKHEGAQNWNNAE
1248	0	KKKKKKAKEEAPAAE
1249	0	KLTITGKGTLDGQGK
1250	0	KEGDSYYSMMKYNLD
1251	0	KFTLEGKDYILRVSQ
1252	0	LCSDKQPCNGVTMND
1253	0	KRQPNSRPRSSSSSS
1254	0	KTSEADLIFYNGINL
1255	0	NQWNKPSKPKTNLKH
1256	0	PAVPYGPGDFHSTCT
1257	0	NNFEFSYLLGGANVG
1258	0	PRRQEYLSKSMALTG
1259	0	PTKAAHIVFPSYEIE
1260	0	PLKKETIPYYTKKFD
1261	0	NDLLSVYNQVKSGAG
1262	0	MTQQPRHTYYENQFC
1263	0	MSSFSFDNSDQGPPQ
1264	0	TIEALGQAARVTVDKD
1265	0	GKPGDDGETGKPGKSGE
1266	0	SGKVVEENPKAIKSGDS
1267	0	IGTLKKILDETVKDKLAK
1268	0	DSAFDVLSFTAEEKAGVYK
1269	0	EPYISRCTVCEGPAMAIAVH
1270	0	MSDRPTARRWGKCGPLCTRE
1271	0	ATGTRMRGFIFTRHSQTTAI
1272	0	STNTTKVKEFGIDPQNMFEF
1273	0	SFIMFTSAGSEGAGQALASP
1274	0	LHHKILLANFLAQTEALMRG
1275	0	SSFAEFSQSYSIPETVDPLT
1276	0	PEDLCVNIDSNRVVVSGRHY
1277	0	VAPAADAPQGFYVLENDYSA
1278	0	RIHMVYSKRSGKPRGYAFIEY
1279	0	LWADCVMATGLYHCKPLVDILILP
1280	0	SPFGGLKRLPA
1281	0	VKYAAGVSPKV
1282	0	YALKRQGRTLYG
1283	0	CYYETADAFKVIM
1284	0	SVRTTTDSGKLITD
1285	0	FFHMNIYECKGVTVK
1286	0	FYCVPLGPAANHYMK
1287	0	FMVQSLERVVEHNPR
1288	0	FRGSWIIAAGTSEAL
1289	0	FRAAMATTANVPPAD
1290	0	EAAFNKAIKESTGGA
1291	0	DQLITGKVTEAQFSP
1292	0	DSFQISWSAIWSTGF
1293	0	ELREAFRLYDKEGNG
1294	0	ESNESVLAKKIINNQ
1295	0	EKSGSISTNMVEEIL
1296	0	IISKNDLRATFDQLG
1297	0	ILPDLSRNRNGKRVV
1298	0	HVVLKSGFKRPSANN
1299	0	KACNCLLLKVNQIGT
1300	0	KCKYPEGTKVTFHVE
1301	0	IPKDKQPNSHPRRQE
1302	0	ISTEMVGTILEMLGH
1303	0	GNKGFVAFNDEFNND
1304	0	GDLSYSTSLVKAHSM
1305	0	GGACGYKDVDKPPFS
1306	0	HCNEMSWIQSIPFVH
1307	0	GRYKDEKDVTDITVK
1308	0	GVNLIWNHKRDKNNF
1309	0	NDDSYIPSAEKILEF
1310	0	LNHLVDCGVAGFRVD
1311	0	KVNNLNTDHGFPSGA
1312	0	VSAERDPENIDWATD
1313	0	RGNNAIKWLVNFGVG
1314	0	DYVRGKMIEYLNHLV
1315	0	ARMWIQAATTMASYQ
1316	0	DFIWTGNPRTAPRSL
1317	0	KNLLQRANELVNPDA
1318	0	FPSGARPFFYQEVID
1319	0	WVCEHRWRQIFNMVG
1320	0	CPTNLGTTVRASVRI
1321	0	ASYADNSNSEVRKIK
1322	0	ATTEEQKLIEDINAS
1323	0	DLRATFDQLGRLAVD
1324	0	DAVSQAGTWSALNSI
1325	0	DENAFRDMVRRCNNV
1326	0	AEDVIPEGWKADTSY
1327	0	AAESSSKAALTSKLD
1328	0	AANGHVIYVQIRFSV
1329	0	ANDYDTFYKTACWAR
1330	0	AQIQVVIHLDEQYIY
1331	0	ALSYYPTPLAKEDFL
1332	0	SKGGMRNVFDEVIPT
1333	0	SLYYSNGYSHYYGNY
1334	0	SADFPQFKPEEITGI
1335	0	SPVPNMQREVLVFLR
1336	0	TDALRTLGSTSADEV
1337	0	SQSAIKSAANVEGDI
1338	0	SSKVTITDTTIGTGD
1339	0	QQIENDLDQTMEQLM
1340	0	QEGDWPNLKPSMPFG
1341	0	QHMFLPNHITPAQYI
1342	0	RLVHRIHQHSIIPEQ
1343	0	RSAIVHLFEWKFADI
1344	0	RFVPSAAVEFVGAFV
1345	0	VVVHITDDNEEPIAA
1346	0	WKVRLLPVPPTVTVF
1347	0	VLKDFTLEGTLAADG
1348	0	VPVVTGIRGRPGPAG
1349	0	YYYGYATQYDYYYPE
1350	0	YFRNEQSIPPLIKKY
1351	0	YKDVDKPPFSGMTGC
1352	0	TLRLWDLAAGRTTRR
1353	0	TLGEAISSSTLRVFA
1354	0	TKPEACSGEPVVVHI
1355	0	VGGAGFATDFEPVDH
1356	0	VIIDLRKQSREVGGN
1357	0	TWADFYFVAILDYLN
1358	0	PYIIQLKTITHHQRL
1359	0	LNLTTEFFGHSVNLL
1360	0	LGGEAIHSTEYTGFG
1361	0	LHFSEALHIIAGTPE
1362	0	LVKKGILPDLSRNRN
1363	0	LQLPPEQISVLRKAF
1364	0	LSLMLNYPNSADRYY
1365	0	KINYDSLYNLNNIGS
1366	0	KLDSGLVYNPQLFDA
1367	0	KFPELGMNPSHCNEM
1368	0	LADKTYLTRQRDLLK
1369	0	LDSKNVLSILNYKTE
1370	0	KQGLVSQPIFSFYLS
1371	0	KVTAKGVSEANTCAA
1372	0	PAGVCPTIGVGGNFA
1373	0	NGFIRIIPLFTDRDY
1374	0	NKFVELWEINMIKAI
1375	0	PPPPQLGASPYKLGP
1376	0	PGMAKIPAGELQIID
1377	0	PIYIVTPTNASHIQS
1378	0	MLRMNPRTSFAKRFA
1379	0	NDVSTYASGKVWGQK
1380	0	SYVPSAEQILEFVKQI
1381	0	LGTWTYDGSVVAINPES
1382	0	GPNGEKGESGPPGPSGA
1383	0	PGPAGPPGNPGPPGPPG
1384	0	GINHEKYNSSQTIVSNAS
1385	0	LTAELKIYSVIQAEINKHL
1386	0	GEQQEAIKSAENATKVEDIK
1387	0	FIFTRHSQTTAIPSCPEGTQ
1388	0	APISGRALEPYISRCTVCEG
1389	0	QSGQFWRKFEVYEGDKKLPI
1390	0	NYIVPEDKREMWMACIKELH
1391	0	TEVPSLVPPTTNTSHAAPAH
1392	0	LFYFKQPVAGTRTAVRAADY
1393	0	VSYDTVKDYAYIRFSVSNGT
1394	0	TEALKPYSSGGPRVWYVSNI
1395	0	MTVKVGINGFGRIGRLAFRRIQ
1396	0	IVTTSTNDWVVTCSYTIPTCRKMDE
1397	0	GPCKVPAQMAV
1398	0	GLYAQSAKIKL
1399	0	HVLLTHTISRIA
1400	0	VVTEIPKEEKDPGM
1401	0	FETIVVTVDSLPEFK
1402	0	FYDQHYYEEKKRNQF
1403	0	FLTGPLNFTGPCKGD
1404	0	FVAAAKYMVIQGEPG
1405	0	FKVKYDTDQEFLDTK
1406	0	DVSYSKSYLYGYKSK
1407	0	EAKYDAYVATVSEAL
1408	0	DRPIHSYDFVTPNMF
1409	0	ENMYRYPNQVYYRPV
1410	0	EQQARDANIRAEKAE
1411	0	EFASKNKVTYPLLGI
1412	0	EHPETSLRDPAFYQI
1413	0	INTAKLIQLLTASPE
1414	0	HYQFDSIHKFEFASK
1415	0	IEEDSEAMEKELREA
1416	0	ITKNYDSKIKPYVLL
1417	0	IRARNYRLNHKPFTY
1418	0	ISTSKTYVSTAVLTT
1419	0	GIVVAWKVRLLPVPP
1420	0	GKTEEVVFQQTKAIA
1421	0	DMGIKGDRGEIGPPG
1422	0	HDKKSMGDDHFWAVR
1423	0	HINEGQFLYALSSAL
1424	0	GNTHILHYLRPYIIQ
1425	0	NVVLGGHLKPAAPVV
1426	0	PYHFKYHEKHFANAI
1427	0	LGKNEEGAPQEGILE
1428	0	LTSELPQWLSANRAV
1429	0	VSCVRFSPNHSNPII
1430	0	QQFVYAGAMSGLLDP
1431	0	EGNRPTNSIVFTKLT
1432	0	ESSVDDRPMKTVSQD
1433	0	AVAFMLAYPYGYPRV
1434	0	INVGFKAAVAAAASV
1435	0	KFEGNKFTIDYNDKG
1436	0	GLINFIKQQREARVQ
1437	0	CEAKKKATGHVYDAN
1438	0	CLSWSVYKPQVPIMN
1439	0	ASQLLDDGNGENYVD
1440	0	DADGSGTVDFDEFME
1441	0	DLISDKVVHALESGL
1442	0	DANIRAEKAEEEARS
1443	0	DEIVSWLLKKTGPVA
1444	0	AGDYCDVISGSYENG
1445	0	AAATATATAAVGAAT
1446	0	AAKNFLAAANAIDDY
1447	0	AMPEYQSLIQKLKDK
1448	0	AKLAEASQAADESER
1449	0	ALNSIQQFISSEMVE
1450	0	SKAIIVGPKAYVNPI
1451	0	SLRDPAFYQIWKRVQ
1452	0	SEMVEPKEASHLITV
1453	0	SVVSPDYQSYRTLMR
1454	0	TATAAVGAATGAATA
1455	0	SQKDPHVWDGRSAIV
1456	0	STRMELQHLQSIEVF
1457	0	QVKGDVDGASAGAEY
1458	0	QDRIGYVYALPTKAA
1459	0	QGEPGAVIRGKKGAG
1460	0	RLKEAEARAEFAERS
1461	0	RLDQDMLDEIIAEVD
1462	0	RKLRVNKFVELWEIN
1463	0	VVRVVRHTSKNDLLS
1464	0	WGYIPDGDALVFVDN
1465	0	VLAKKIINNQIGPKP
1466	0	YDAVKGMNDGIAELI
1467	0	YYGENHVVLKSGFKR
1468	0	YEKQDKYCGLPEHLL
1469	0	YIPTSCLREILRELD
1470	0	TNCYTGAEALITTAI
1471	0	TGAVGFAGPQGPDGQ
1472	0	TKEQLELVKSKSVSP
1473	0	VFLRKQWDVLRLVHR
1474	0	VHRGAVPRRGPRGGP
1475	0	VLAALFAGAWCVPKV
1476	0	LLLWAPPPSRAAQPA
1477	0	LNERRNYFVEIDRFP
1478	0	LETSPEFKALYDAIR
1479	0	LGIPHIPVTGRKHLR
1480	0	MDLSSSSMSSSSSSS
1481	0	LQIAINVNGVVRGTL
1482	0	LSAIILVACASGKKD
1483	0	KHREQAIMLFELFYY
1484	0	KGSNVFSMFSQKQVA
1485	0	KGNFQRLAITKGKVD
1486	0	LASSCQVAFSYFPPP
1487	0	LDGNLLSSNDLAKYK
1488	0	KQTAIEIEQLNARVV
1489	0	NVIYSQNSFLPRATT
1490	0	PADKYKTLEAAFTVS
1491	0	NFRFMSKGGMRNVFD
1492	0	NINNYKYPYVVKNFV
1493	0	PVWYGLDMNRGSQFA
1494	0	PGAIGTDGTPGAKGP
1495	0	PIDQILAIAADYLAN
1496	0	NCVLKKSTNGLRIKS
1497	0	NCKLKINHIGHTGYL
1498	0	HDKDVAVLASSRLSNR
1499	0	GKQGDRGETGAQGPMGP
1500	0	GPRGPPGPTGAPGPQGF
1501	0	YEVHHQKLVFFAEDVGS
1502	0	NIVDVQYLYGVGSGMVGW
1503	0	LGNIIQRLHGLSAFSLHSY
1504	0	TVAMVCTRKISIAKSVFYIA
1505	0	PRWNGEKLYQEARKIVGAMV
1506	0	AQGYKVLVLNPSVAATLGFG
1507	0	EDNRSQVETDDLILKPGVVH
1508	0	GFSLLFVQGNKRAHGQDLGT
1509	0	MIAATYNFAVLKLMGRGTKF
1510	0	SIPETVDPLTVSAQVVDNML
1511	0	FNHFSLTLNTNHGHILVDYS
1512	0	VRHRIKEHMLKKYTQTEEKF
1513	0	PGEINRVASCLRKLGVPPLRAY
1514	0	YEKAKNAYQKANQAVLKAKEASSYD
1515	0	KTVDLPAGTKY
1516	0	PTYTEGVNLSE
1517	0	QGCPSTHVLLTH
1518	0	IADDVDGEALPTLV
1519	0	FDYKLRQHNTFLDTE
1520	0	FSPNHSNPIIVSAGW
1521	0	FVAAKFDGILGMAYS
1522	0	FQINLDFKNHNGFIR
1523	0	FWAFDNTTFSNASAV
1524	0	DVYNLGDQTGVLLKA
1525	0	DYVRMWVQAATVMSA
1526	0	DNFEIDDKGFINTAK
1527	0	EEADKKYDEVARKLA
1528	0	ERKLGLILERTYDPY
1529	0	EFQSIVETLKAMPEY
1530	0	EISPAMLNDIGINWV
1531	0	IHQHSIIPEQVTVGD
1532	0	IGTGDDCISIGPGST
1533	0	IFNIVRDTRGLPEDL
1534	0	IVSYLRNLRASANPS
1535	0	KALGVILTLPQRIIA
1536	0	IRLHTLLAVLTAAPL
1537	0	GKGTLDGQGKAVWGK
1538	0	GLNITGVTCGPGHGI
1539	0	GASILTYKTSKLYKM
1540	0	GNRYPPQGGTWGQPH
1541	0	HLDYVKNLTVSKLCD
1542	0	GPPGTMGPTGQVGDP
1543	0	GTSLTIPCYFIDPMH
1544	0	PEHLLIPKGKKGGQA
1545	0	MIVDTISDFRAAIAN
1546	0	TPSYVAFTDTERLIG
1547	0	VLARLHFYRNDVHKE
1548	0	SALTLAIYHPQQFVY
1549	0	FDNTIRVWQVSVFAR
1550	0	AGHGLLVELIITFQL
1551	0	IRALFGLTLNAKASR
1552	0	VVGLSMAASSALTLA
1553	0	GNLDPAGEYIISTRV
1554	0	CGRRHSVRIRVRSGG
1555	0	ATISATPESATPFPH
1556	0	AVKMDVYNLGDQTGV
1557	0	DGTTTATVLAQAIVR
1558	0	DGNVQVKFFDTGSAV
1559	0	DFNEFISFCNANPGL
1560	0	ADAGYAPATPAAAGA
1561	0	AEKAEEEARSLQKKI
1562	0	AAGKLTWADFYFVAI
1563	0	APAAEAAPAPAPAAA
1564	0	AQGPKATFEAMYLGT
1565	0	AGNTYVYSFEGGTTT
1566	0	KDVLSVAFSVDNRQI
1567	0	SNWWDNGDKQISFCR
1568	0	SDGKAYIEILSSADD
1569	0	SFGIVVAWQVKLLPV
1570	0	SYDFVTPNMFMKDVF
1571	0	SSADDGVLAIHVNSK
1572	0	SSSSSLLAMAVLAAL
1573	0	QMTFLRLLSASAHQN
1574	0	QSIIFHPPNVHPGSG
1575	0	QFKPEEITGIMKDFD
1576	0	RNSRWSSPDNVKPLY
1577	0	RVFQKTKKGIERLTV
1578	0	RAINSLDNLRGENAD
1579	0	RGVGITGLIDDIIAI
1580	0	WVPSKKCHLTNIACL
1581	0	VNTSLVLAFSEVIHQ
1582	0	VSEALRIIAGTLEVH
1583	0	YLTRQRDLLKLLVRI
1584	0	YKVYDFVRTHLYPHV
1585	0	YKLHFNAFEYFHLKQ
1586	0	TLTLPCAMGLPAYFK
1587	0	TSEALTQYKCWIDRF
1588	0	TGMTKEVQQKLIDDH
1589	0	VGINGLIDDVIAILP
1590	0	VIPAGELQVIEKVDA
1591	0	TWGDKFSADEVDDAY
1592	0	VAVLYVGAASEVEMK
1593	0	LNQEAHYQFDSIHKF
1594	0	LFVDSDVIQRAYETR
1595	0	LHYLRPYIIQLKTIT
1596	0	LVAGPAGSYAADLGY
1597	0	LTPWGCYAKDMALFV
1598	0	LSGLEGELKGQFYPL
1599	0	KIAAMKDLLPILEPV
1600	0	KGVPLYRHIADLAGV
1601	0	KGPMVSAQESQAQAI
1602	0	KYPYVVKNFVAAYKN
1603	0	LDQNEHADIRVEALF
1604	0	KPPFSGMTGCGNTPI
1605	0	MFRLVVIATLLVASC
1606	0	PADKYRTFVATFGAA
1607	0	NFTETDVKMMERVVE
1608	0	NIREGGFAHFEARLE
1609	0	PSKPKTNLKHVAGAA
1610	0	PGDSLAEVELRQHGS
1611	0	PIIIDQKYCPNKICT
1612	0	MLVAAPLAAANAGVT
1613	0	MGRNFEVSGSITNLN
1614	0	FLARSALILRGSVAHK
1615	0	LENLVVLNAASVAGAHW
1616	0	CGKYLFNWAVRTKLKLT
1617	0	DGQPGAKGEQGEPGQKG
1618	0	SQKDLLEQKRGRVDNYCR
1619	0	DKSRKYPARALEYKNLPFR
1620	0	FEEIRNLALQTLPAMCNVYI
1621	0	QPQPFRPQQPYPQPQPQYSQ
1622	0	QAVPASQALTVKGCQGLTVL
1623	0	AQCLGAIIGAGILYLVTPPS
1624	0	GILYLVTPPSVVGGLGVTMV
1625	0	TGKTITDVINIGIGGSDLGP
1626	0	GSEGAGQALASPGSCLEEFR
1627	0	SADGATTWYFNPVILRPNNV
1628	0	DLYCYEQLNDSSEEEDEIDGPA
1629	0	CAINAPANIQQFEHIVQLRRVLTTA
1630	0	ARGLTGRPGDA
1631	0	QKDGKPTGTVA
1632	0	EPVDGVVLVDPE
1633	0	KDNVYSFLYLFGGD
1634	0	EVELREHGSDEWVAM
1635	0	EYSRRSLYYSNGYSH
1636	0	FLDTKWFLDEFKVLQ
1637	0	FVEIDRFPYKVQAGK
1638	0	FKTPYNPQLRYPNGQ
1639	0	DVLAILPIEDLKALF
1640	0	EAYEGKTTYTYEKQD
1641	0	DTSSSSESSSSSESH
1642	0	ELVKSKSVSPYHSET
1643	0	EPGLAFVAAKFDGIL
1644	0	EHNPRKVIDLLLSLY
1645	0	IITPTNVSHIQSAVV
1646	0	IMHREDMQDIVVPAF
1647	0	HSTCTVSNYQDPSNV
1648	0	KAAVAAAASVPAADK
1649	0	KCHLTNIACLLHNKY
1650	0	IPHIPATGRKHVRRG
1651	0	HNYFEWPPHALLVRQ
1652	0	GNAGVGAFWRLNDAL
1653	0	GDGKISLSELTDALR
1654	0	GFLTFCPTNLGTTVR
1655	0	HFGEIIFGGSDWKYV
1656	0	GRNFNISSQYYIQQN
1657	0	GVLVFTKENFKKGVS
1658	0	NAGVTVTPLLLGYTF
1659	0	LMAFTAAVTSPLTTS
1660	0	LSVVMPVGGQSSFYS
1661	0	THEANTMAMMARDTA
1662	0	QVYRRLVTAVNDIEK
1663	0	RVPFSHDDRLGFLTF
1664	0	ATDYENYAIVEGCPA
1665	0	DMETGHIGAYVVLVD
1666	0	KLYKMAVAFMLAYPY
1667	0	FSRPGLPVEYLQVPS
1668	0	CFRHESLVPNLDYER
1669	0	AWDQPIADNKTKEGR
1670	0	ASTGGAYESYKFIPA
1671	0	CVVEKTTTRRICKLD
1672	0	DLNVSQDRIGYVYAF
1673	0	DDKGFINTAKLIQLL
1674	0	DELDMMIEEIDADGS
1675	0	AEFYYLQLAYTRHVT
1676	0	AADKKKLEEVAGKYN
1677	0	AGIMIFDPYGATISA
1678	0	ARATYNADEEFWNYT
1679	0	AGSYAADLGYGPATP
1680	0	IGPKPTLIPSQSPMT
1681	0	SNYDEEVKIVATLKA
1682	0	SEEHHSHNQKLSKKR
1683	0	SFIDASNVAIIGFFK
1684	0	SVLLVVALFAVFLGS
1685	0	SSCEVALSYYPTPLA
1686	0	SSSSSSEEHHSHNQK
1687	0	QNLLQKLREKGVDVD
1688	0	QSKFYETLNPVVQQN
1689	0	QFISANFTLKDNTRA
1690	0	RNVFDEVIPTAFKIG
1691	0	RVHVDINYNLKQHET
1692	0	RALEAVIIDLRKQSR
1693	0	RHALMTWGDKFSADE
1694	0	WDFGSAGGFLSSIGK
1695	0	VNYWFAPGAAAAPLS
1696	0	VSEKPLDTCMPLICH
1697	0	YNDKGKAFSAPYSVL
1698	0	YLESTKNILPSNVAA
1699	0	YKNPRVVKNFMALYK
1700	0	TPGQCNMVVERLGDY
1701	0	TTFNLLDKVMKKAKD
1702	0	TEKIKQVASISANND
1703	0	TVTVFKIPKKASEGA
1704	0	VKFFDTGSAVGRGIE
1705	0	TYNFHSYLNEKALGV
1706	0	VDHIIELIHQIFNIV
1707	0	LKLVLAGSSAVHVEL
1708	0	LKELDDKITAEDLDM
1709	0	LIPTDQVLAIAADYL
1710	0	LVKPGAGIMIFDPYG
1711	0	MADDMERIFKRFDTN
1712	0	LQPETFAVVDLNKMR
1713	0	KKGVDALANAVKVTL
1714	0	KLRSAGELELQFRRV
1715	0	KEFYEKNLKEYTDKL
1716	0	KFRLDGVKIGDTTVA
1717	0	LEDPIENLGAQMVKE
1718	0	KRNQFCLSWSVYKPQ
1719	0	KTPVLEIDGKQTHQS
1720	0	NQRFYGSIYHYYRQL
1721	0	NPRQAYANYRDIDLG
1722	0	NMDGEFVNDVLTPWG
1723	0	PPTVTIFKISKTVSE
1724	0	PTIGVGGNFAGGGFG
1725	0	PGPMGPLGIPGSSGF
1726	0	MLDEIIAEVDADGSG
1727	0	MPYQIASGFSTSQLA
1728	0	NDLALPWKHEGAQNW
1729	0	LGIWTYDGTKVSISPES
1730	0	AGARGNDGLPGPAGPPG
1731	0	PGPVGPAGAPGFPGAPG
1732	0	QYPSGEGSFQPSQENPQA
1733	0	PPLLESWKDPDYVPPVVHG
1734	0	YLPQYRSYNDSVDPRIANVF
1735	0	EFLAMLIFVLLSLGSTINWG
1736	0	SSLKSWDKEMERLRRGMFAL
1737	0	DIPKEQRAMITSEGAFKYFS
1738	0	GIQPKSASQIQAVPASQALT
1739	0	MTEQQWNFAGIEAAASAIQG
1740	0	GKCGPLCTRENIMVAFKGVW
1741	0	GTEKPLPVDMVLISLCFGLS
1742	0	HLFAINYTGASMNPARSFGP
1743	0	YMLDLQPETTDLYCYEQLNDSS
1744	0	VPPLRVWRHRARSVRAKLLSQGGRA
1745	0	DFVIEAQAAHS
1746	0	TTYRDAGMSAQ
1747	0	KFKGKATLTSDK
1748	0	TLDLNTPVDKTSN
1749	0	FMLQILDFYTKVYE
1750	0	EVIHQVEMHQVRDLK
1751	0	FDNSDQGPPQDGNGN
1752	0	FPWDPVASKAAFYPL
1753	0	FQGEKYPLYENYIKG
1754	0	FKNFLNFLQTNGLNA
1755	0	EDYRFQEGDWPNLKP
1756	0	DPYYDPTSSPSEIGP
1757	0	DSFIADLVVGLSTGQ
1758	0	ELQVIEKVDAAFKVA
1759	0	ELLKQSFEATQQKEI
1760	0	EKRVADAVDFGYVFC
1761	0	IKWLVNFGVGWGYIP
1762	0	ILNTWLVKPGAGIMI
1763	0	IHENLIVTSPFRPWW
1764	0	KAAVHLLVAVKASKE
1765	0	KAIEEDLKHFNLKYE
1766	0	IPHIPVSGRKYHIRR
1767	0	GAMAKKGDEQKLRSA
1768	0	GNDWEDRYYRENMYR
1769	0	GELKGQFYPLTGMTK
1770	0	GFRVDAAKHMWPADL
1771	0	GYMLGSAMSRPMIHF
1772	0	GRSYAADAGYAPATP
1773	0	GSKLEDVKLNMLGKA
1774	0	NDATYQRTRALVRTG
1775	0	LNDALSLRTEARATY
1776	0	QKLFKTLQSLFADFN
1777	0	VQRIKDFLRNLVPRT
1778	0	RLIQNSLTIERMVLS
1779	0	EIPFYGKAIPIEAIK
1780	0	ATGFFAKKEAAEKHL
1781	0	DNILVIQQGQATVTV
1782	0	IAHQRITLTARCLRL
1783	0	KDGPPGLRGFPGDRG
1784	0	HDDRLGFLTFCPTNL
1785	0	AYLHFLFEMTKDPVF
1786	0	CNANPGLMKDVAKVF
1787	0	AVVCGRRHGVRIRVR
1788	0	DGVKIDNVDVGKLYT
1789	0	DKTIKLWNTLAECKY
1790	0	DGDALVFVDNHDNQR
1791	0	ADEERMDALENQLKE
1792	0	AESEVAALNRRIQLL
1793	0	AGEKVRIIIDRFMDF
1794	0	APEDKYEAFVLHFSE
1795	0	APPPQLPRPPATPPP
1796	0	AGTAVSNWWDNGDKQ
1797	0	KDPVKRGEPFSTYYI
1798	0	SNYLLFYDQHYYEEK
1799	0	SDKNKAYLHFLFEMT
1800	0	SFNIAIMHREDMQDI
1801	0	STSLVKAHSMRNSAS
1802	0	STDSTLVYKIQPVNN
1803	0	SSSSSSSSSSESNES
1804	0	QLVPKLDEVYNAAYN
1805	0	QVLSASQSAIKSAAN
1806	0	QKGMLVSHINVTVER
1807	0	RNITGTSSTPEAVSL
1808	0	RVALENAASVSGMLL
1809	0	QYGKESQAYYDGRRS
1810	0	TDVPMSLENFMNITG
1811	0	WRVYRDAVSQAGTWS
1812	0	VPNVDIRARNYRLNH
1813	0	VRKIKATQNEQTCVP
1814	0	YPLYENYIKGIDYLG
1815	0	YGKIIKRLEAKGFKL
1816	0	YKKVNEAYEGKTTYT
1817	0	TNLKHVAGAAAAGAV
1818	0	TSQLAMIQNAIDEYH
1819	0	TGILYKARLSLDRNE
1820	0	VGLHDLNQGSDYVRG
1821	0	VIVNIASILGLQNMA
1822	0	TYIFPVNYTVHTPEQ
1823	0	VDAYAVEAGLKVAAT
1824	0	LLNRNNSFKPFAEYK
1825	0	LGANAILGVSIAVCK
1826	0	LIDDVIAILPVDELY
1827	0	LVEFGAPHAVKMDVY
1828	0	LTVFDSTSCNVVVAS
1829	0	LSYRSLQPETFAVVD
1830	0	KKDNGSPTDPKTLVK
1831	0	KLGDKEMIQHYTLDQ
1832	0	KDVTFRNITGTSSTP
1833	0	KPFTYNKAFKTPYNP
1834	0	LDYHVHGRTFSSLFQ
1835	0	KQVDVDPVGVAVRLS
1836	0	KTKKGIERLTVIGEH
1837	0	NPTIENNGGGFIEMQ
1838	0	NGSAEVHRGAVPRRG
1839	0	NIACLLHNKYDSTKS
1840	0	PNLQKYEKLKPKYIS
1841	0	PAYMMPQDFDLMYVS
1842	0	PKPGGWNTGGSRYPG
1843	0	MLLRKYGIAAENVID
1844	0	MIEEIDADGSGTVDF
1845	0	MIRLPKYYPAILHKM
1846	0	EGFTRLSFTAEEKAAH
1847	0	EDALNATRAAVEEGIVA
1848	0	AGRVGPPGPNGNPGPPG
1849	0	LQVLKEVKAAASKVKANL
1850	0	PSQGKGRGLSLSRFSWGAE
1851	0	ENIQRFLPNPAGVQLEDPEF
1852	0	FGWTPGVNRNGFKVPLARQV
1853	0	ARRRRRAEKKAADVARRKQE
1854	0	TTAIPSCPEGTQPLYSGFSL
1855	0	DGTQQFYHYASSVKPARVIF
1856	0	LAIGFSVAIGHLFAINYTGA
1857	0	TNKVNSVIEKMNTQFTAVGK
1858	0	RFKEAFSKAAQQTKGSYMEV
1859	0	FKVRFDAQGFAPEDINVTSS
1860	0	AAILRRHIDLLVGSATLCSALY
1861	0	LTMSNVKNVSQTNFKSLLRNLGVS
1862	0	YGTGVANASGV
1863	0	AVYASSTGNDA
1864	0	VLQPSPALSWRS
1865	0	AASVASLILTTEA
1866	0	FDSSYKRGQPATFPL
1867	0	EWLGQIVEGNSMHPD
1868	0	FFQQQRILLRLHRCF
1869	0	FNWENKTMGFGRSVE
1870	0	FGHDGTVWAQSADFP
1871	0	ESKGLADEERMDALE
1872	0	EDLQDFLALIPIDQI
1873	0	DNTRAFNVSIETPVL
1874	0	DRVNEGMFLYSFNIA
1875	0	ENVKMEDVGYPIIID
1876	0	EGCPAAANGHVIYVQ
1877	0	EKDVTDITVKNCVLK
1878	0	IIAAGTSEALTQYKC
1879	0	ILSCSRDKTLIVWKL
1880	0	IGKAVHTVLGGAFNS
1881	0	IYECKGVTVKDVTIT
1882	0	KAMLEDIAILTGGSV
1883	0	IPTAFSIGKTYKPEE
1884	0	GKKQKHRNVKSHRIR
1885	0	GMNDGIAELIKIESS
1886	0	GCGSCFEIKCTKPEA
1887	0	GGGFGMLLRKYGIAA
1888	0	HLKNVIQGKFGLDAT
1889	0	GQKYFKGNFQRLAIT
1890	0	GTVTESIQAHTLAKA
1891	0	PAHLLKYDTTQGRFD
1892	0	QHANACRFWPTGRGI
1893	0	TSAFNKKTFDHTLMS
1894	0	VLKSYVLEGTLTAEK
1895	0	SMAGSSAMILAAYHP
1896	0	ESKSQLLNAKYLKQF
1897	0	AIRSPEFQSIVQTLN
1898	0	CVDTRSGNCYLDIRP
1899	0	KLIVTSEGAFKYFSK
1900	0	GLTLNGKASRNLQDD
1901	0	CDDALIEGITLLNAK
1902	0	CLSGFMGIDLPKGPL
1903	0	ASQAADESERARKIL
1904	0	DIVQPIIAKLYQGAG
1905	0	DLHVKGSQHVATVEL
1906	0	DALPELQNFLNFLEA
1907	0	DEIPAEQVVLLKKAF
1908	0	AGDGDVVAVDIKEKG
1909	0	AAASVPAADKFKTFE
1910	0	AAKHMWPADLQYIYS
1911	0	ANIDMLRLSEHLDYV
1912	0	AKGMMHMIKKGANGS
1913	0	ALLPRAGAAAAAALP
1914	0	SKAALTSKLDAAYKL
1915	0	SLPDVTFVINGRNFN
1916	0	SHDFVTPNMYFKDVV
1917	0	SVTIKLDGNLLSSND
1918	0	TASPEEEEGGEGEAA
1919	0	SQIMEAARKLYKLEN
1920	0	RYMYPTWFNYTKYEY
1921	0	QVGSFIVSYLRNLRA
1922	0	QDHWDAWTAMTAATP
1923	0	QFYYFYQQIYARYML
1924	0	RLFHTQPSITYQTLK
1925	0	RLDDDMLQEIIAEVD
1926	0	RKGVLFNIQYVNYWF
1927	0	VYKPQVPIMNIYSAF
1928	0	WGQPHGGGWGQPHGG
1929	0	VLREILKELDDKITA
1930	0	YRIAARPGAVTRRAA
1931	0	YYEEKKRNQFCLSWS
1932	0	YEKLKPKYISDGNVQ
1933	0	YIMIMKTPKTIAVSF
1934	0	TRGEHTEAEGGVYDI
1935	0	TFYSGETIHKIVLNP
1936	0	TKEGRAMNRRVFATI
1937	0	VFLNAFNTYFRYMYP
1938	0	VHENVIISSPFRPWW
1939	0	VAMKFVWADEELLKK
1940	0	LLLLLAAVSASQQCK
1941	0	LLQILLNPLLPLPLH
1942	0	LESYAYSLKNQLADK
1943	0	LNQGSDYVRGKMIEY
1944	0	MDALENQLKEARFMA
1945	0	LQHLQSIEVFPEDEG
1946	0	LRSSFKLPSPRVAAN
1947	0	KHLAVLVKYEGDTMA
1948	0	KGSNPNYLALLVKFV
1949	0	KGLCGNMDGEFVNDV
1950	0	KYPDMILSCSRDKTL
1951	0	LDEVYNAAYNAADHA
1952	0	KSTNGLRIKSYEDAK
1953	0	NVEVTSEKDTPVYVR
1954	0	PAADKFKTFEAAFTS
1955	0	NFRFLTEKGMKNVFD
1956	0	NLADAVSKAPQLVPK
1957	0	PVTEEPGMAKIPAGE
1958	0	PFTVRYTTEGGTKGE
1959	0	PHTHVIPVNFTLRNQ
1960	0	MNITGSINLMFSQMY
1961	0	MGSEVYHHLKNVIKG
1962	0	SLKLMATLFSTYASAD
1963	0	IGPPGPAGPNGEKGESG
1964	0	SIGGVFNSIGKAVHQVF
1965	0	GGSILQTNFKSLSSTEF
1966	0	NQQRASAGQVSVQPTFSV
1967	0	HHPARTAHYGSLPQKSHGR
1968	0	NGKLKVVTTNSILYDMAKNV
1969	0	GPRGRSGEPGPAGPPGNPGP
1970	0	RSTMKPVQKVLEDSDLKKSD
1971	0	DRTRKPFQSVIADTGISVSE
1972	0	KHKLKHLLVETSVDKKAMES
1973	0	ERLRRGMFALLPMDRFMVGI
1974	0	NVGKASKSGQLGSVVPYTED
1975	0	PDAGPPQRWFVVWLGTANNP
1976	0	VSAQVVDNMLVVEAPMMKQH
1977	0	QYFVGKRTVPPGECFIQFLSEP
1978	0	RIYTEITVAVS
1979	0	LFVTIEPANDV
1980	0	APGANQEGGAA
1981	0	QKRMGVQMQRFK
1982	0	QYIKANSKFIGITE
1983	0	FRPWWERYQLVSYKL
1984	0	FTKLVENAKKTENKD
1985	0	FLDTELVYPTSLGFP
1986	0	FINNIHDLLGIPHIP
1987	0	FKTFEAAFTSSSKAA
1988	0	DVKLNMLGKAERVII
1989	0	DVENTAKQRFNHAIR
1990	0	DTKLRIMKNHQFTNC
1991	0	ENQFCVSEKPLDTCM
1992	0	EPTPVTPQPQELTED
1993	0	EFFGHSVNLLEVELR
1994	0	IKSVYIPYLVQEFDD
1995	0	IMNIGKECENGGSAV
1996	0	HVNSKVGSKSQTTTT
1997	0	ICKLDCSKIPSLPDV
1998	0	KDLLPILEPVAQSGK
1999	0	IPVTGRKHLRRGVGI
2000	0	ISQLQVVVDEDKKVY
2001	0	GIERLTVIGEHAWDF
2002	0	GELELQFRRVKCKYP
2003	0	GGKGGVIVNIASILG
2004	0	HAQLAFSTAFDNKEY
2005	0	HGQGGSTADTYNLQY
2006	0	GWVTQIATNPKYPDM
2007	0	NLTSALLNVDNLIQK
2008	0	PMRARPRGEVRFLHY
2009	0	LIEKINAGFKAALAA
2010	0	TSQEAFSHIRIPLPH
2011	0	TEAEGGVYDISNKRR
2012	0	QKRAAQAARVEAACG
2013	0	EAGFAKLAASDSKSL
2014	0	DTEEEDFHVDQVTTV
2015	0	DNVDVGKLYTYFEPY
2016	0	IEDYHGGFKKTDKHP
2017	0	HFYQEAAPAQSDVAL
2018	0	GVRIYVDVVLNQMTG
2019	0	AYPSVLGQTIRNSRW
2020	0	CKAKDISLEVLKNYQ
2021	0	ATTANVPPADKYKTF
2022	0	DIIAILPVDDLYALF
2023	0	DKNNFGNSLAVVHGR
2024	0	DAFDREKKGCISTEM
2025	0	ASGFSTSQLAMIQNA
2026	0	AFYPLNGPSKFSLVV
2027	0	YTLDQVNQHKKAIEE
2028	0	AAGVPPADKYRTFVA
2029	0	ASEGAVDIINRWQVV
2030	0	AIKAGTGGAYESYKF
2031	0	ALGVTGNTHILHYLR
2032	0	SHVHFRFVPSAAVEF
2033	0	SHNQKLSKKRQVPLP
2034	0	SGSLSGFLSTDVLDI
2035	0	SVNATSVRLQSWQSE
2036	0	TAAATAPADDKFTVF
2037	0	SSGKASYESFQNFRV
2038	0	QPNLKALREKVLGLP
2039	0	QTIPYTTIHNVPDFE
2040	0	QATDAYVRVFLGPKY
2041	0	QFRRVKCKYPEGTKV
2042	0	RQQLYARYFLERLSN
2043	0	REYTEDENPAIPKDK
2044	0	RILLRLHRCFQVLGR
2045	0	VVIAAFKTFEDDGKI
2046	0	WFLDEFKVLQLFTGL
2047	0	VSTFSSGLVWGQKYF
2048	0	YQLHTGKNTIQRNSH
2049	0	YVRVFLGPKYDYLHS
2050	0	YEAFVLHFSEALHII
2051	0	YHFDLSGIAFGSMAK
2052	0	TVIDYELRNVGDLSY
2053	0	TFRPRRQLFQGQDMS
2054	0	TIPRFTKPPTKTATH
2055	0	VFATITGSRTVVVQP
2056	0	VEHLLSTRNMDVSYS
2057	0	VEEDAEAMQHELREA
2058	0	LLFCALASSCQVAFS
2059	0	LMCEIEGHHLASAAI
2060	0	LFEMTKDPVFKNMTY
2061	0	LVVGIYDEPMTPGQC
2062	0	MANSRAFALVLLFCA
2063	0	LPVPPTVTVFKIPKK
2064	0	LRGFPGDRGLPGPVG
2065	0	KKLQFTYSESLDLDD
2066	0	KEMEDKVSSTLSGLE
2067	0	KGHRGDPGPSGPPGP
2068	0	KYKTFEAAFTVSSKR
2069	0	KVVHALESGLNVVAC
2070	0	KVIDLLLSLYLDQNE
2071	0	NTGIVFKVKYDTDQE
2072	0	NYLVGNAQFKYTNGE
2073	0	NEKGLEWLGQIVEGN
2074	0	PRLLYAKSSPAYPSV
2075	0	PVKALGEPIRFLLSY
2076	0	PEDLGKEPTPSKKPV
2077	0	PGPVGPPGSGGLKGE
2078	0	MNSPSLWKYNGEFSI
2079	0	MSMASSSSSSLLAMA
2080	0	ADKDVVVLTSSRTGGV
2081	0	RGARGEPGAAGPVGPPG
2082	0	CGGLKNVREVKGLTKGG
2083	0	EGNPGADGLPGRDGAAG
2084	0	GRFYIQMCTELKLSDNEG
2085	0	GAQGPRGESGTPGSPGPAG
2086	0	PVCAHRETTIVSFGYSLYAG
2087	0	QQTKGSYMEVEDNRSQVETD
2088	0	QDPHAWLSLDNGIKYVKTIQ
2089	0	QQQQQQQQQQQQILQQILQQ
2090	0	LGPLMVTEALKPYSSGGPRV
2091	0	PALMPMDMAPISGRALEPYI
2092	0	LQRFTTMPFLFCNINNVCNF
2093	0	KRTDVTGSIALAIGFSVAIG
2094	0	HQQQKQQQQPSSQVSFQQPL
2095	0	SIAFPSKTSASIGSLCADARMY
2096	0	DLYNTPVRMLV
2097	0	ESFENGIPASW
2098	0	ITYKVGSPGLP
2099	0	ELLAITTVVGNQ
2100	0	LGFVFTLTVPSERG
2101	0	FWNYTALAGLNVVLG
2102	0	EYQNLIQKLKDKGVD
2103	0	FLFVENDVIQKAYDY
2104	0	FNGGESKLKAEATTD
2105	0	FQSGGANSPALYLLD
2106	0	DYHPSYYYGYATQYD
2107	0	EAMEKELREAFRLYD
2108	0	DRPFQTEYNPQLRYP
2109	0	ENNGGGFIEMQLPPG
2110	0	EQVVLLKKAFDAFDR
2111	0	EFCTLASRFLVEEDA
2112	0	EICEVVLAKSPDTTC
2113	0	ILATAALAVAYPSPG
2114	0	HYYSEFNWENKTMGF
2115	0	IEGITLLNAKFFHMN
2116	0	IVACVKAACEAKKKA
2117	0	ITIKQHTVTTTTKGE
2118	0	ITALCFSPNRYWLCA
2119	0	GIYAPDAEAYTVFAD
2120	0	GKVTEAQFSPVNTQF
2121	0	GEQFYYFNQQMFARY
2122	0	HDNQRGHGAGGASIL
2123	0	HIRRGVGITGLIDDV
2124	0	GNTPIFKSGRGCGSC
2125	0	DLRYHAPIYGAVHPR
2126	0	LPVANVVVTPAHEAV
2127	0	LVTAVNDIEKRVPFS
2128	0	TLLAVLTAAPLLLAA
2129	0	VLKNFTLEGKVANDK
2130	0	RVIVSEGKSKFTTEL
2131	0	DVAGIVGVPVAAGCT
2132	0	DPVGVAVRLSKDIAA
2133	0	HYLVNHPEVLVEASQ
2134	0	GIAYFSMVGNWAKVL
2135	0	WPADLQYIYSKVNNL
2136	0	CSGEPVVVHITDDNE
2137	0	ATATATSAVGAPTGA
2138	0	ATVELYYNAEKKLAF
2139	0	DKAVEKEEHHFKAYS
2140	0	DCISIGPGSTGLNIT
2141	0	DEQEYYVKLGASVTG
2142	0	AAVEYLKSDEFETIV
2143	0	AASAITPGWLPINSQ
2144	0	AAPANDKFTVFEAAF
2145	0	ANGKLHDKKSMGDDH
2146	0	APTGATTAAAGGYKV
2147	0	AKRFAKWALPLYNKP
2148	0	SKLKAEATTDGLGWY
2149	0	SMPFGKTPVLEIDGK
2150	0	SALQNIYTTLRDPAN
2151	0	SADEVQRMMAEIDTD
2152	0	TDKHPPKDWGDVDTL
2153	0	SRGEVRKLRVNKFVE
2154	0	SSPDNVKPLYIITPT
2155	0	QLNSPWKQVSAELAF
2156	0	QKLIEDINASFRAAM
2157	0	QIFTDSIAEQGKEGD
2158	0	RNEVVNDVSTYASGK
2159	0	RTFVATFGAASNKAF
2160	0	RFPYKVQAGKTTITR
2161	0	VYEVAIPDRLTLRVE
2162	0	WQFKMDKIQIGNGSF
2163	0	VLPVEIPIQCEPVLN
2164	0	VQVSPVHENVIISSP
2165	0	YTGPFSVDNVLEFKL
2166	0	YFVAILDYLNHMAKE
2167	0	YIQQNGNLCYSGFQP
2168	0	TLGSTSADEVQRMMA
2169	0	TLEELIDEVDADKSG
2170	0	TKEVFDNLKTKKTPT
2171	0	VGAFVVDAYAVEAGL
2172	0	VHTVLGGAFNSIFGG
2173	0	VALFAVFLGSAHGIP
2174	0	LLMKADPSIHVLKMV
2175	0	LNFTGPCKGDSVTIK
2176	0	LFARRIFDSRGNPTI
2177	0	LGPAANHYMKLVKKG
2178	0	LYNAIKSPEFQSIVQ
2179	0	LQDDLQDFLALIPVD
2180	0	LRIKSYEDAKSPLTA
2181	0	KHCLQMASNTMPYQI
2182	0	KEPLKECGGILQAYD
2183	0	KGKEDPHAWLNLENG
2184	0	KYKYICDDLDMTFTE
2185	0	LDAAYSVAYKAAVGA
2186	0	KVPPGPNITATYGDK
2187	0	NTQYAGITKIGNQNF
2188	0	NYNCKILPNTLVLDF
2189	0	NEVFSNKLINHKHMN
2190	0	PCKGDSVTIKLDGNL
2191	0	PVQKQDIVTLKTEVL
2192	0	PEEFAVVDLSKMRAV
2193	0	PGSVGPVGPRGPQGL
2194	0	MVDAAVLEKLEAGFA
2195	0	NAVKVGKLEDVPNVD
2196	0	DKLKQQRDTLSTQKET
2197	0	RGAAGIAGLKGDRGDVG
2198	0	APSEQTTTPEAATAASN
2199	0	GRTILKENIKYEVAIFVH
2200	0	SPSQVTMFPHIIVDVRQL
2201	0	FPRHRHELLQNVGKASKSGQ
2202	0	FTTYIIMNRWALGNLACDLW
2203	0	GNKRAHGQDLGTLGSCLQRF
2204	0	AAMASASLVTVAVPATANAD
2205	0	DLGTLGSCLQRFTTMPFLFC
2206	0	VLVNTFCDSCIPKTYWNLGY
2207	0	AVAKHFVALSTNTTKVKEFG
2208	0	EKNAPVLLALLGIWYINCFG
2209	0	VRVDMVRHRIKEHMLKKYTQ
2210	0	PPWQAGILARNLVPMVATVQGQN
2211	0	RHYNCTDVLGI
2212	0	SAEGGPSADNG
2213	0	AHHPIWARMDA
2214	0	GLIYNRMGAVTTE
2215	0	VILLISFLIFLIVG
2216	0	GACVCPNLQKYEKLK
2217	0	FAVVDLNKMRAVWVD
2218	0	FLEKLSLLLNGGCKV
2219	0	FVVTGRVYCDPCRAG
2220	0	FKRRVYKVYDFVRTH
2221	0	DVPRHGEQFYYFNQQ
2222	0	DRELLLELSTRLFGA
2223	0	DSERLRHALMTWGDK
2224	0	ELQRVPLYKLVHVFI
2225	0	ELFYYANDYDTFYKT
2226	0	EKLHWDVVPMSQQPF
2227	0	IIPLFTDRDYDVLQW
2228	0	ILGGKKFTLEGKDYI
2229	0	IAIATDYLANDAEVQ
2230	0	IVVALDALPELQNFL
2231	0	KALQNAESEVAALNR
2232	0	IRGRTKFEGNKFTID
2233	0	GKKDTTSGQKLKVVA
2234	0	GMFLYSFNIAIMHRE
2235	0	GATVAVDCRPFNGGE
2236	0	GNNLKSLEVSEEKAN
2237	0	HLFEWKFADIADECE
2238	0	GQEYTFYVIVTPYAK
2239	0	GTTVRASVRIKVPKL
2240	0	QDVHKKLREWLSKNV
2241	0	LGYTFQDSQHNNGGK
2242	0	LRKYLTKEVFDNLKT
2243	0	VVFQQTKAIADKIKD
2244	0	QRCRVHFMRNLYTAV
2245	0	EELAFDGVKIDNVDV
2246	0	ANGILNVSAVDKSTG
2247	0	DEGGYTCFFRDHSYQ
2248	0	KLAASDSKSLLRKYL
2249	0	GGDLGQVYRRLVTAV
2250	0	CAMGLPAYFKMNSPS
2251	0	CLLVSAASAITPGWL
2252	0	CVPKVTFTVEKGSNE
2253	0	DINASFRAAMATTAN
2254	0	DKFTVFEAAFNDAIK
2255	0	DAFYTILDIPQKFNM
2256	0	DLWEAFHTIYKKDNG
2257	0	AGAEYKQKQINGNFY
2258	0	AAGAATTAAGAASGA
2259	0	APATPAAAGAEAGKA
2260	0	APTGMFVAAAKYMVI
2261	0	AKQLSAKDPNNKEFY
2262	0	SKLTYENVKMEDVGY
2263	0	SNDMPEIQPFTYTKP
2264	0	SAMSRPMIHFGNDWE
2265	0	SHNVQGATVAVDCRP
2266	0	TDKLDKLDKESKDKF
2267	0	SRIMIQASNMYRNFT
2268	0	SSRGSRKAQRKGSNV
2269	0	QLQFEYYGSLMCGAS
2270	0	QKQVAEFKEAFQLMD
2271	0	QKFNMEYFKVAFKPT
2272	0	RQHGSEEWEPLTKKG
2273	0	RTLMRKVYDAYEGKD
2274	0	QWDVLRLVHRIHQHS
2275	0	TEAQYKEMEDKVSST
2276	0	WQILKRVNYLFQRYK
2277	0	VLSILNYKTEVNVKG
2278	0	VRDLKIKSVYIPYLV
2279	0	YSEMRRKAKAVEHLL
2280	0	YGIAAENVIDVKLVD
2281	0	YKKILPTRSSPLISC
2282	0	TLVVNKIRGTLKVAA
2283	0	TSKLDAAYKLAYKTA
2284	0	TGLIDDIIAILPVDD
2285	0	VGITGLIDDVLAILP
2286	0	VIPEGWKADTAYESK
2287	0	TYDPYHGVKAQLNSP
2288	0	VAWQVKLLPVPPTVT
2289	0	LLSDKKIAAMKDLLP
2290	0	LFVTMWTDVGLCKKR
2291	0	LIDDHFLFKEGDRFL
2292	0	LVDANGTLHDKKSMG
2293	0	LENFVEENLIAPVFS
2294	0	LSSNDLAKYKANWIE
2295	0	KKATGHVYDANKIVY
2296	0	KLFNDPASPVAGNPH
2297	0	KEGNGYITTAVLREI
2298	0	LANEDCFRHESLVPN
2299	0	LDYERFRGSWIIAAG
2300	0	KQQGIRYANPIAFFR
2301	0	KTGQALVVGIYDEPM
2302	0	NVVLQKSFGGPQVTK
2303	0	NGPELQDDLFVGAAL
2304	0	NLEIDMIVDTISDFR
2305	0	PNLKPSMPFGKTPVL
2306	0	PLLGIIGKLDASVQP
2307	0	PKNMLYTVPSITPTN
2308	0	MVVERLGDYLVEQGM
2309	0	MFYDGSRIMIQASNM
2310	0	VVVQPGQEAAAPAAAQ
2311	0	LQNRRGLDLLFLKEGGL
2312	0	GAPGAPGPVGPTGKQGD
2313	0	GPSGDQGAAGPAGPSGP
2314	0	RSRNEALRVKKKMEGDLN
2315	0	RTWGADAGPPRYSRIFWAV
2316	0	PHDPLGMMHEMDRHIEELQN
2317	0	EGTQPLYSGFSLLFVQGNKR
2318	0	MDRHIEELQNGMGLSAVAPL
2319	0	SGEGWPYIACRTSVVGRAWE
2320	0	LVVPRYAFAMERNAGSGIII
2321	0	SIPVNREQCSFPRHRHELLQ
2322	0	KVGNEYVTKGQSVQQVYYSI
2323	0	MSGTHQNHAVSIPVNREQCS
2324	0	IGLSIALHVGFDNFEQLLSG
2325	0	MHGDTPTLHEYMLDLQPETTDL
0	1	VRNSWDTNWGDNGYGYFAANIDIMMIEEYPYVVIL
1	1	GRTIIQRDNGYQPNYHAVNIVGYSNAQGVDYWI
2	1	APKSENVVVTVKVMGDNGVLACAIATHAKIRD
3	1	EQYNLEMAKKSGDILERDLKKEEARVKKIEV
4	1	MKGALKFFEMEAKRTDLNMFERYNYEFAL
5	1	VELSLEVSEEGNMTLTSFEVRQFANV
6	1	LRDTNVTAVPASGAPAAVSVLGAS
7	1	VPAQMAVDMQTLTPVGRLIT
8	1	SYVLEGTLTAEKTTLVVKEG
9	1	RCMCEALQQIMENQSDRLQG
10	1	QERCCNELNEFENNQRCMCE
11	1	NELNEFENNQRCMCEALQQI
12	1	KKQGVIAKNAYSLILILQMS
13	1	HRSGSTIGKAFEATVRGAKR
14	1	FENNQRCMCEALQQIMENQS
15	1	DCNLSGDVVFNFSKNAKISV
16	1	AAFKSLFGGMSWFSQILIGT
17	1	YNHNNLLTKFLSTGMVFE
18	1	VGIADLSTDYNHNNLLTK
19	1	SDKWYYVNSNGAMATGWL
20	1	QGENEKYLPFLNNIETLY
21	1	MYKHLFFLDSKTLDRLTP
22	1	LAMNYDKKKLLTHQGESI
23	1	IHAQQKEPMIGVNQELAY
24	1	GSLQPLALEGSLQKRGIV
25	1	FLSTGMVFENLAKTVLSN
26	1	DKVGINYWLAHKALCSEK
27	1	AISVTMDNILSGFENEYD
28	1	KALPVVLENARILKNCV
29	1	VIGMDVAASEFFRSG
30	1	RYMGKGVSKAVEHIN
31	1	KENALSLLDKIYTSPL
32	1	ELLVLMENERTLDFHD
33	1	APGNRGFPGQDGLAG
34	1	VHMNDNVLHSAFEVG
35	1	RNNPFYFPSRRFSTR
36	1	RCTKLEYDPRCVYDP
37	1	QLQDLDMMLTCVEIK
38	1	PCIIHRGKPFQLEAV
39	1	MDRADTLEQQNKEAN
40	1	LNTATTKLAEASQAA
41	1	LAKLSDGVAVLKVGG
42	1	ISYILNRHDNQNLRV
43	1	HPVAINASSELHLLG
44	1	GALMLPHFNSKAMVI
45	1	EVRRYTARLKEGDVF
46	1	ERTYLVNDKAAKMHA
47	1	ELVAVRKEQQQRGRR
48	1	DSQVVRREIAKALSK
49	1	AVESEISPRLDAIKL
50	1	TVYGAFDPLLAVAD
51	1	RPFERDISNVPFS
52	1	DAFSLDVSEKSGN
53	1	VASLTEALRVIA
54	1	NAGFKAALAGAG
55	1	GALEVHAVKPVT
56	1	GFVFTLTVPSE
57	1	MYTYFSNTIL
58	1	VYMNDTSPL
59	1	SLLMWITQC
60	1	KMIGNHLWV
61	1	CLNEYHLFL
62	1	VGYSNAQGVDYWIVRNSWDTNWGDNGYGYFAANI
63	1	DQVDVKDCANHEIKKVLVPGCHGSEPCIIHRGK
64	1	VAAIEKSETFDPMKVPDHSDKFERHIGIIDL
65	1	DGVRGVLDRLMQRKDLDIFEQYNLEMAKKSG
66	1	KFYICSNWEAVHKDCPGNTRWNEDEETCT
67	1	ARGGLVDEKALARALKEGRIRGAAL
68	1	IVKTGERQHGIHIQGSDPGGVRTA
69	1	VGATYYFNKNMSTYVDYKIN
70	1	SWFSQILIGTLLMWLGLNTK
71	1	QYAGTDGPCKVPAQMAVDMQ
72	1	QCPQNSGCFRHLDEREECKC
73	1	LQNHRIVQIEAKPNTLVLPK
74	1	KGRLSSGHLKCRLKMDKLRL
75	1	HLMQKIQRDEDSYERDPYSP
76	1	FEATVRGAKRMAVLGDTAWD
77	1	CVENPNPTCNENNGGCDADA
78	1	TEDQAMEDIKQMEAESIS
79	1	YLKTIQDKLADFKKNNNF
80	1	SYKYIKESVENDIKFAQE
81	1	RQFYQLDAYPSGAWYYVP
82	1	NQELAYFYPELFRQFYQL
83	1	LTDDIMCVKKILDKVGIN
84	1	KHISSNEYIIEDSFKLLN
85	1	IEDSFKLLNSEQKNTLLK
86	1	GISYYEKVLAKYKDDLES
87	1	ESKHGLTNTASHTRLSCD
88	1	DDTKKDMLGKLLSTGLVQ
89	1	ADFKKNNNFVGIADLSTD
90	1	FAVANGNELLLDLSLTK
91	1	TSKGLFRAAVPSGAS
92	1	PIVQLQGDSNCLKCFR
93	1	KAKFAGRNFRNPLAK
94	1	EKLKHILGKARFIKLN
95	1	YPFLNLLHTPPHRPP
96	1	SYLQGFSRNTLEAAF
97	1	RKYDEVARKLAMVEA
98	1	QVEKLIKNQKESHFV
99	1	QLENDLDQVQESLLK
100	1	NQNLRVAKISMPVNT
101	1	MDAIKKKMQAMKLEK
102	1	LNSMLALMAIFIGAG
103	1	KTLTNKLKAAEARAE
104	1	IFSILVLASTITILK
105	1	HFVSARPQSQSQSPS
106	1	FQNLQNHRIVQIEAK
107	1	EVKPDKKNPQLQDLD
108	1	ERSEERLNTATTKLA
109	1	ELRVVGNNLKSLEVS
110	1	DSFVASLTEALRVIA
111	1	ATVTVANGNNRKSFN
112	1	PYAVAFQPLLAYAY
113	1	GAIIGLMVGGVVIA
114	1	NFIRMVISNPAAT
115	1	AKRLDACQDQLLE
116	1	TVFEAAFNKAIK
117	1	MPFHNIHPLTIG
118	1	EVKYTVFETALK
119	1	YIDAYVSRLL
120	1	HFEVFNFVPC
121	1	VMTTVLATL
122	1	RMPPLGHEL
123	1	KLMNIQQKL
124	1	AMFWSVPTV
125	1	PTTTEQPDDKFECPSRFGYFADPKDPHKFYICSN
126	1	AAGKATTEEQKLIEDINVGFKAAVAAAASVPAA
127	1	LKGELDMRNIQVRGLKQMKRVGDANVKSEDG
128	1	CHGSEPCIIHRGKPFQLEAVFEANQNSKTAK
129	1	GYFADPKDPHKFYICSNWEAVHKDCPGNT
130	1	ARGGLVDEKALAQALKEGRIRGAAL
131	1	GGVGLASTLWYAESNALSKRLGEL
132	1	VDIELVTTTVSNMAEVRSYC
133	1	SHLECRTFFLTQGALLNDKH
134	1	QQWELQGDRRCQSQLERANL
135	1	PINGWAVYSKDNSIRIGSKG
136	1	LLNYKQEGDKCVENPNPTCN
137	1	KEGDVFIMPAAHPVAINASS
138	1	HLDEREECKCLLNYKQEGDK
139	1	ERANLRPCEQHLMQKIQRDE
140	1	CRLKMDKLRLKGVSYSLCTA
141	1	PNSVEQKHIQKEDVPSER
142	1	YLGYLEQLLRLKKYKVPQ
143	1	SSYNYIKDSIDTDINFAN
144	1	RLTPYILVLASDTIAFNV
145	1	NMYAMMIARFKMFPEVKE
146	1	LSGFENEYDVIYLKPLAG
147	1	KHIQKEDVPSERYLGYLE
148	1	IDLFKNPYDFEAIKKLIN
149	1	GGVSLPEWVCTTFHTSGY
150	1	EPMIGVNQELAYFYPELF
151	1	DAYPSGAWYYVPLGTQYT
152	1	RILKNCVDAKMTEEDKE
153	1	EICPAVKRDVDLFLTGT
154	1	TAMKKIQDCYVENGLI
155	1	PDSYPLFDGIFCSSSN
156	1	ISFSKDCMGEAVQNTV
157	1	EARPALLTSRLRFIPK
158	1	YKIADPICTFIFSIL
159	1	SWFITQRNFFSPQII
160	1	RKVLENRSLSDEERM
161	1	QRSRQFQNLQNHRIV
162	1	QGGKGPLLSILKAFN
163	1	NEGVIVKVSKEHVEE
164	1	LRQMRTVTPIRMQGG
165	1	LIHKVHLAKSSGSAL
166	1	KMQAMKLEKDNAMDR
167	1	IDYFDARLLPGVFTV
168	1	GRIRVLQRFDQRSRQ
169	1	FKAFILDGDNLFPKV
170	1	EVKEKGMAALPRLIA
171	1	ERMRKVLENRSLSDE
172	1	EHVEELTKHAKSVSK
173	1	DGGSILKISNKYHTK
174	1	AMKLEKDNAMDRADT
175	1	LAAVSVDCSEYPKP
176	1	ECKETVPMNCSSYA
177	1	NFFRMVISNPAAT
178	1	YKFIPALEAAVK
179	1	TLLRAVESYLLA
180	1	LQVIEKVDAAFK
181	1	CLHYTVDKSKPK
182	1	VLHSAFEVGA
183	1	GITYRNKSLM
184	1	VMATRRNVL
185	1	RLPAKAPLL
186	1	IILVAVPHV
187	1	RFAIKPME
188	1	FIVGDKKEDEWRMAFDRLMMEELETKIDQVEKGL
189	1	MANDNDDDPTTTVHPTTTEQPDDKFECPSRFG
190	1	KDLDAFRHYDGRTIIQRDNGYQPNYHAVNIV
191	1	DPIHYDKITEEINKAVDEAVAAIEKSETFD
192	1	DYQNEFDFLLMERIHEQIKKGELALFYLQ
193	1	YISSVAYGRQVYLKLETTSKSDEV
194	1	GVYATRSSAVRLRSSVPGVR
195	1	VALALFLLAAHASARQQWEL
196	1	RQQEQQFKRELRNLPQQCGL
197	1	QGDRRCQSQLERANLRPCEQ
198	1	PFGDSYIVIGVGEKKITHHW
199	1	LGKGIHQIFGAAFKSLFGGM
200	1	KCTEEDSGSNGKKITCECTK
201	1	GSSQHQERCCNELNEFENNQ
202	1	ENNGGCDADAKCTEEDSGSN
203	1	CQSQLERANLRPCEQHLMQK
204	1	MNKKKMILTSLASVAILGA
205	1	YKDLTSSNYVVKDPYKFL
206	1	SIKKYINDKQGENEKYLP
207	1	QLLRLKKYKVPQLEIVPN
208	1	NKEKRDKFLSSYNYIKDS
209	1	LKKRKYFLDVLESDLMQF
210	1	IVKTGERQHGIHIQGSDP
211	1	GYVVGFWLLILNENQRAN
212	1	FYPELFRQFYQLDAYPSG
213	1	EAHVKITKLSDLKAIDDK
214	1	AWYYVPLGTQYTDAPSFS
215	1	RALPVVLENARILKNCV
216	1	AVVESNGTLTLSHFGKC
217	1	LPVGAANFREAMRIG
218	1	IFDSRGNPTVEVDLF
219	1	CLLCAYSIEFGTNISK
220	1	YDTYKCIPSLEAAVK
221	1	SSKPPSKRLTFGWHR
222	1	RKSFNLDEGHALRIP
223	1	QNKEANNRAEKSEEE
224	1	QESLLKANIQLVEKD
225	1	NAEFNEIRRVLLEEN
226	1	LQRFDQRSRQFQNLQ
227	1	LEKDNAMDRADTLEQ
228	1	KLVFFAEDVGSNKGA
229	1	IDQIEKQAKDLAFPG
230	1	GQFEDFFPASSRDQS
231	1	FGINAENNHRIFLAG
232	1	ETLLRAVESYLLAHS
233	1	ENQLKEARFLAEEAD
234	1	EGSNREVRRYTARLK
235	1	AYKEQIKTLTNKLKA
236	1	AAALGIGTDSVILIK
237	1	KRHDGGCRKELAAV
238	1	ATDKEGKDVLVCNK
239	1	KALARALKEGRIR
240	1	YFVGKMYFNLID
241	1	SYVLEGTLTAEK
242	1	LAGAGVQPADKY
243	1	ASVPAADKFKTF
244	1	SFWFLKSGAV
245	1	DWVSSHSKSL
246	1	VMAPRTLLL
247	1	QLSCISTYV
248	1	HLYASLSRV
249	1	LLTSRLRF
